Req Number,Department,Date,Item #,Item Quantity
1,3000,738159,10100,1
2,3000,738159,20000,1
3,3000,738159,61300,4
4,4005,738159,50300,2
5,9000,738159,81100,1
6,2256,738160,10200,1
7,2256,738160,100300,6
8,4005,738160,41400,10
9,3000,738160,60900,1
10,3000,738160,61400,2
11,3000,738160,61500,1
12,4005,738160,60900,1
13,4005,738160,61600,2
14,2256,738160,60100,1
15,4005,738161,40100,1
16,4005,738161,40200,1
17,6699,738165,35000,1
18,6699,738165,40300,2
19,6699,738165,90200,10
20,3000,738165,20200,1
21,5000,738165,20200,1
22,3500,738165,20200,1
23,4005,738165,10000,1
24,4005,738165,10100,1
25,4005,738165,10200,1
26,2256,738165,80300,1
27,2256,738165,80500,1
28,2256,738165,61800,2
29,2256,738165,60600,2
30,6500,738167,20000,1
31,6500,738167,20200,1
32,6500,738167,30000,4
33,6500,738167,75000,1
34,6500,738167,75100,1
35,6500,738167,75400,1
36,6500,738167,61300,3
37,6500,738167,91100,1
38,6900,738167,61300,1
39,6900,738167,60700,1
40,6900,738167,61200,1
41,2256,738168,20000,1
42,3000,738168,20000,1
43,3000,738168,10000,2
44,4005,738168,10200,1
45,4005,738168,102600,4
46,4005,738169,41100,4
47,4005,738174,35000,6
48,7500,738174,61400,12
49,7500,738174,61600,12
50,3000,738174,51100,4
51,4005,738180,40200,1
52,4005,738180,40300,1
53,4005,738180,41100,5
54,4005,738182,50000,1
55,4005,738182,35000,1
56,3001,738186,60000,2
57,3001,738186,60500,2
58,3001,738186,30000,4
59,3001,738186,20000,1
60,4005,738186,50300,1
61,6900,738187,90100,6
62,2256,738188,10000,1
63,2256,738188,10100,1
64,2256,738188,102600,1
65,2256,738193,81100,2
66,6782,738193,20100,2
67,6782,738193,20200,6
68,6782,738193,30000,8
69,6782,738193,60800,4
70,6782,738193,80000,84
71,6900,738194,20200,504
72,6900,738194,20300,24
73,6900,738194,30000,448
74,6900,738194,35300,36
75,9000,738194,20100,2
76,4005,738195,90500,2
77,4005,738201,20200,2
78,3000,738201,20200,2
79,3500,738201,20000,1
80,3500,738201,100100,1
81,5000,738201,20000,2
82,5000,738201,10000,1
83,4005,738201,80900,6
84,5000,738201,20200,2
85,3001,738201,20100,1
86,6900,738201,20000,165
87,6900,738201,35200,2
88,2345,738204,35000,6
89,2256,738204,20000,3
90,3000,738204,61300,12
91,5000,738204,20400,1
92,2256,738204,30000,8
93,2256,738204,10000,1
94,4005,738209,61300,4
95,4005,738209,60100,4
96,3000,738209,20500,1
97,2345,738214,20000,2
98,2345,738214,20300,1
99,4135,738214,20200,1
100,2256,738214,30000,4
101,2256,738214,80400,2
102,2256,738214,80000,1
103,2256,738214,80100,1
104,2256,738214,81500,1
105,2256,738214,70500,2
106,3000,738214,81100,2
107,3000,738214,81100,1
108,4005,738214,35000,6
109,4005,738214,61000,2
110,3000,738214,61000,1
111,4005,738214,80000,6
112,4005,738214,80100,6
113,4005,738214,70000,10
114,4005,738214,70100,10
115,4005,738214,70200,10
116,4005,738214,70300,10
117,4005,738214,60200,1
118,4005,738214,60800,1
119,4005,738214,90200,3
120,3001,738215,20100,2
121,6000,738215,20000,1
122,4135,738215,20200,1
123,7200,738215,20000,1
124,5612,738215,10100,2
125,4005,738215,20300,1
126,4005,738215,80000,1
127,4005,738215,80100,1
128,4005,738215,60800,1
129,4005,738215,61000,1
130,9000,738215,20100,1
131,2256,738215,10100,1
132,4005,738217,20000,2
133,2256,738217,20300,1
134,4005,738217,80000,1
135,4005,738217,80100,1
136,4005,738222,35700,6
137,2256,738222,70400,10
138,2256,738222,75000,24
139,2256,738222,75100,13
140,2256,738222,75300,32
141,2256,738222,75400,13
142,6000,738222,20200,1
143,4005,738223,70200,10
144,4005,738223,60300,3
145,7611,738223,60700,2
146,7611,738223,61300,3
147,7611,738223,40000,1
148,2345,738224,90500,1
149,4005,738224,35600,3
150,4005,738224,80000,2
151,4005,738224,80100,2
152,4005,738224,62000,2
153,4005,738224,60800,2
154,2345,738228,10100,1
155,5000,738228,10100,1
156,9000,738228,90600,12
157,4005,738228,80000,3
158,4005,738228,80100,4
159,4005,738228,35700,3
160,4005,738228,45000,1
161,4005,738229,10000,7
162,4005,738229,90500,20
163,4005,738229,20500,6
164,2345,738229,10000,1
165,9000,738229,10000,1
166,4005,738229,70000,130
167,4005,738229,70100,170
168,4005,738229,70200,170
169,4005,738229,70300,170
170,4005,738229,20500,16
171,4005,738229,90700,10
172,9000,738229,20100,1
173,9000,738229,100800,1
174,2000,738230,61000,2
175,2000,738230,60800,2
176,2256,738230,80400,2
177,4111,738230,10000,3
178,4111,738230,10100,3
179,4111,738230,10200,3
180,4111,738230,20000,4
181,4111,738230,45000,12
182,4111,738230,35500,4
183,4111,738230,35600,6
184,4111,738230,70200,10
185,4111,738230,101900,4
186,4111,738230,102000,25
187,6699,738230,20300,120
188,6699,738230,20400,96
189,6699,738230,20000,51
190,6699,738230,10000,60
191,6699,738230,10200,100
192,6699,738230,20200,20
193,6699,738230,60000,4
194,6699,738230,61300,12
195,6699,738230,80000,84
196,6699,738230,80100,200
197,6699,738230,90300,2
198,6699,738230,90500,10
199,6699,738230,91100,12
200,6699,738230,35600,12
201,4006,738230,20200,432
202,4006,738230,10200,100
203,4005,738230,70000,30
204,4005,738230,70100,30
205,4005,738230,70200,30
206,4005,738230,70300,30
207,4005,738230,90500,6
208,4005,738230,90700,3
209,4005,738230,20500,3
210,4005,738230,80000,1
211,4005,738230,80100,1
212,4005,738230,35200,1
213,4005,738230,20000,3
214,3000,738231,61300,3
215,4005,738231,60800,7
216,4005,738231,61000,4
217,4005,738231,80000,4
218,4005,738231,80100,4
219,4111,738231,30000,4
220,4111,738231,60600,4
221,4111,738231,60800,6
222,4111,738231,61800,5
223,4111,738231,62000,6
224,2500,738231,80000,7
225,2500,738231,80100,7
226,4005,738236,35000,3
227,6900,738237,102100,2
228,7500,738237,60000,6
229,7500,738237,10100,4
230,7500,738237,70200,30
231,7500,738237,70300,30
232,7500,738237,20300,1
233,7500,738237,61300,6
234,3000,738237,102100,1
235,4005,738237,80000,86
236,4005,738237,80100,86
237,4005,738237,35600,4
238,4005,738237,10200,8
239,4005,738237,20000,2
240,4005,738237,20200,1
241,4005,738237,10000,1
242,4005,738237,30000,4
243,4005,738237,90600,24
244,6632,738237,75100,15
245,4005,738237,80000,2
246,4005,738237,80100,2
247,4005,738237,80000,7
248,4005,738237,80100,9
249,4005,738237,45000,4
250,6699,738237,75000,3
251,2256,738237,20000,2
252,2256,738237,20200,1
253,5000,738237,20000,1
254,2256,738237,20000,2
255,2256,738237,20200,1
256,4005,738237,20300,1
257,4005,738237,30000,8
258,4005,738237,10200,4
259,4005,738237,10000,1
260,4005,738237,80000,4
261,4005,738237,80100,5
262,3000,738237,80600,2
263,3000,738237,20200,1
264,3000,738237,80900,1
265,4000,738237,10100,1
266,4000,738237,60800,1
267,4000,738237,35600,1
268,3000,738237,10000,1
269,7500,738237,10000,1
270,5612,738237,35600,1
271,4005,738237,20000,1
272,4113,738237,10700,1
273,4113,738237,100000,2
274,3000,738237,51600,12
275,3000,738237,41600,2
276,3000,738237,81400,2
277,3000,738237,81500,3
278,3000,738237,60300,2
279,3000,738237,101100,36
280,4005,738237,40000,1
281,4005,738237,40100,1
282,4005,738237,80000,2
283,4005,738237,80100,2
284,4005,738237,10300,16
285,4005,738237,10200,25
286,4005,738237,70100,40
287,4005,738237,70200,40
288,4005,738237,70300,40
289,6900,738237,60700,1
290,4005,738239,80000,4
291,4005,738239,80100,4
292,6900,738250,10000,50
293,6900,738250,10100,100
294,6900,738250,10200,100
295,4113,738250,80000,1
296,4113,738250,80100,1
297,4113,738250,10700,1
298,4005,738250,10200,2
299,3000,738251,60800,1
300,3000,738251,61000,1
301,2000,738251,10100,1
302,2000,738251,10200,1
303,4005,738251,80200,1
304,6632,738251,20400,25
305,4005,738251,10200,1
306,4005,738251,90800,1
307,4005,738251,90900,1
308,6632,738251,80000,7
309,6632,738251,80100,7
310,4005,738251,10200,2
311,2000,738251,61300,3
312,4005,738251,103300,3
313,4005,738251,61300,1
314,4005,738251,20000,2
315,6782,738251,45000,24
316,6782,738251,51300,24
317,4005,738251,10200,2
318,4005,738251,70300,1
319,2256,738251,20300,1
320,2256,738251,20000,5
321,2256,738251,10100,1
322,3000,738251,61300,1
323,3000,738251,80900,1
324,4113,738251,80100,6
325,4005,738251,35000,1
326,4005,738251,80100,1
327,6632,738251,20300,20
328,6632,738251,10000,10
329,6632,738251,20400,6
330,6632,738251,10200,10
331,6632,738251,70100,20
332,6632,738251,70200,20
333,6632,738251,70300,20
334,6699,738251,30000,40
335,9000,738251,30100,1
336,4005,738251,80200,1
337,4005,738251,41600,2
338,4005,738251,51000,1
339,3000,738251,103500,1
340,3000,738251,103600,1
341,6500,738251,60200,4
342,6500,738251,60800,4
343,6500,738251,60500,3
344,6500,738251,70300,10
345,6500,738251,60000,12
346,6500,738251,102700,1
347,6699,738251,30000,4
348,6699,738251,35700,12
349,2000,738251,80300,2
350,4005,738251,80000,10
351,4005,738251,80100,10
352,3000,738251,45000,12
353,3000,738251,80100,10
354,6699,738251,50200,20
355,4005,738251,10200,2
356,4005,738251,10100,1
357,4005,738251,10000,1
358,4005,738251,20200,2
359,2256,738251,10200,4
360,4005,738251,70300,10
361,6671,738251,20300,48
362,6671,738251,20400,48
363,4005,738251,81800,4
364,4001,738252,100000,2
365,3000,738252,10100,100
366,3000,738253,62000,2
367,3000,738253,61100,1
368,3000,738253,60000,4
369,3000,738253,35100,1
370,3000,738253,61300,4
371,3000,738253,70500,2
372,3000,738253,103300,2
373,3000,738253,51500,2
374,3000,738253,60200,1
375,3000,738253,35500,2
376,3000,738253,35600,2
377,4005,738253,61000,2
378,4005,738253,60800,1
379,4005,738253,45000,1
380,3000,738253,60700,1
381,3000,738253,61300,1
382,3000,738253,60700,1
383,3000,738253,45000,2
384,4005,738253,103300,1
385,3000,738253,103500,1
386,4005,738253,10200,2
387,4001,738253,10200,3
388,3000,738253,60000,5
389,3000,738253,60200,3
390,3000,738253,61800,3
391,3000,738253,60800,3
392,3000,738253,60600,3
393,4005,738253,60600,2
394,3000,738253,61400,3
395,4005,738253,10200,1
396,3000,738253,51600,3
397,3000,738253,61000,1
398,4000,738253,100000,2
399,4000,738253,60500,1
400,4000,738253,60000,1
401,4000,738253,81300,1
402,3000,738256,20000,3
403,4005,738256,81400,1
404,4005,738256,81500,2
405,4005,738256,35700,2
406,4005,738256,60800,1
407,4005,738256,103100,1
408,3001,738256,10700,1
409,3001,738256,100000,1
410,3001,738256,20000,2
411,3001,738256,35600,6
412,3001,738256,45000,4
413,3001,738256,100800,4
414,3001,738256,51000,1
415,3001,738256,51100,1
416,3001,738256,60800,2
417,3001,738256,81400,2
418,3001,738256,61800,2
419,3001,738256,60600,2
420,3001,738256,70500,4
421,3001,738256,81800,3
422,3001,738256,103300,1
423,3001,738256,80100,1
424,3000,738256,51100,3
425,3000,738256,61800,3
426,3000,738256,60600,3
427,3000,738256,60000,3
428,3000,738256,60500,3
429,3000,738256,10200,3
430,3000,738256,60800,2
431,3000,738256,61300,4
432,3000,738256,61200,2
433,3000,738256,35500,4
434,3000,738256,35600,4
435,3000,738257,45000,1
436,3000,738257,80100,3
437,3000,738257,101100,36
438,4113,738257,81800,4
439,3000,738257,100800,1
440,4005,738257,45000,1
441,4005,738257,35700,2
442,4005,738257,81500,2
443,3000,738257,100800,1
444,4005,738257,62000,2
445,2000,738258,35500,1
446,2000,738258,35600,6
447,2000,738258,35500,1
448,2000,738258,35600,2
449,2000,738258,62000,1
450,3000,738258,60000,6
451,4005,738258,35700,2
452,4005,738258,45000,2
453,4005,738258,35500,1
454,4005,738258,35600,1
455,4005,738258,62000,1
456,4005,738258,61000,2
457,4005,738258,80100,1
458,4005,738258,61800,1
459,2256,738258,20000,2
460,2256,738258,10200,1
461,6000,738258,10200,9
462,2256,738258,10000,1
463,4005,738258,20300,1
464,4005,738258,91100,24
465,9000,738258,61300,2
466,6900,738259,60700,1
467,6900,738259,61200,1
468,9000,738259,20000,1
469,4005,738259,41600,1
470,4005,738259,81400,1
471,4000,738259,70400,4
472,3000,738259,80900,1
473,3000,738260,103500,1
474,3000,738260,75000,6
475,3000,738260,75400,6
476,4111,738260,100000,1
477,9000,738260,10100,1
478,4005,738263,80100,1
479,3000,738263,75000,5
480,3000,738263,75400,5
481,3000,738265,20200,10
482,6671,738265,10200,20
483,6671,738265,10100,10
484,5612,738267,10200,1
485,7500,738267,60700,2
486,4005,738267,10100,1
487,4005,738267,10200,1
488,4005,738267,10000,1
489,4005,738267,20200,1
490,4005,738267,20100,2
491,3001,738267,10100,1
492,4005,738267,60000,2
493,4005,738267,61000,1
494,4005,738267,60800,1
495,4005,738267,60700,2
496,4005,738267,100800,1
497,4005,738267,51300,2
498,4111,738267,101900,3
499,3000,738267,61300,4
500,3000,738267,60000,5
501,3000,738267,45000,1
502,3000,738267,80100,6
503,3000,738267,61800,6
504,3000,738267,60800,7
505,3000,738267,60400,1
506,3000,738267,51100,2
507,3000,738267,61000,2
508,3000,738267,30000,4
509,5612,738267,20400,1
510,4005,738267,60100,2
511,4005,738267,80600,1
512,4005,738267,20200,3
513,4005,738267,20000,2
514,4005,738267,20300,1
515,4005,738267,30000,8
516,4005,738267,90600,36
517,4005,738267,91100,24
518,4005,738267,10000,1
519,4005,738267,10100,3
520,4005,738267,10200,2
521,4005,738267,61200,1
522,4005,738267,61300,1
523,4005,738267,60700,1
524,4005,738267,35700,3
525,3000,738267,10100,1
526,3000,738267,10400,2
527,3000,738267,10600,2
528,3000,738267,20000,6
529,3000,738267,35500,4
530,3000,738267,35600,6
531,3000,738267,60400,5
532,3000,738267,60500,5
533,3000,738267,60100,6
534,3000,738267,61800,4
535,3000,738267,60800,5
536,3000,738267,61300,4
537,3000,738267,70500,4
538,3000,738267,60600,4
539,3000,738267,80300,1
540,3000,738267,80500,2
541,3000,738267,81800,5
542,3000,738267,61300,24
543,3000,738267,60700,4
544,3000,738267,61000,3
545,3000,738267,60600,10
546,3000,738267,60800,17
547,3000,738267,60300,3
548,3000,738267,61200,4
549,3000,738267,61800,10
550,3000,738267,61900,10
551,3000,738267,35600,5
552,3000,738267,60000,5
553,3000,738267,10400,2
554,3000,738267,45000,4
555,3000,738267,20000,2
556,3000,738267,80000,5
557,3000,738267,80100,9
558,3000,738267,31000,1
559,3000,738271,35600,6
560,4005,738271,80900,4
561,4005,738271,10000,1
562,4005,738271,20000,2
563,4005,738271,90700,1
564,4005,738271,20200,1
565,4005,738271,80000,6
566,4005,738271,80100,6
567,3001,738271,20200,1
568,3001,738271,20000,1
569,4135,738271,20200,2
570,4135,738271,35600,2
571,4135,738271,10200,2
572,4135,738271,90700,2
573,4135,738271,10100,2
574,4135,738271,61300,2
575,3000,738271,62000,5
576,3000,738271,10200,5
577,3000,738271,20000,10
578,3000,738271,35500,5
579,3000,738271,35600,10
580,3000,738271,51000,2
581,3000,738271,51100,2
582,3000,738271,60000,3
583,3000,738271,60200,1
584,3000,738271,60400,4
585,3000,738271,61000,2
586,3000,738271,61200,1
587,3000,738271,61100,2
588,3000,738271,61900,2
589,3000,738271,101500,2
590,3000,738271,80000,5
591,3000,738271,80100,5
592,3000,738271,80200,1
593,3000,738271,80500,2
594,3000,738271,101800,1
595,3000,738271,20000,10
596,3000,738271,35500,6
597,3000,738271,35600,12
598,3000,738271,60000,7
599,3000,738271,60400,10
600,3000,738271,60800,5
601,3000,738271,61300,24
602,3000,738271,61900,3
603,3000,738271,80300,1
604,3000,738271,80500,3
605,3000,738271,61000,1
606,3000,738271,61200,2
607,2300,738273,45100,120
608,4005,738273,10200,1
609,3500,738273,80000,4
610,3500,738273,80100,4
611,3500,738273,102100,1
612,4005,738273,90200,1
613,6671,738273,60700,3
614,6699,738273,103300,6
615,6699,738273,40300,2
616,6900,738273,91100,24
617,6900,738273,35000,6
618,4005,738273,80600,1
619,4005,738273,61200,1
620,4005,738273,80000,20
621,4005,738273,80100,20
622,4005,738273,35600,12
623,4005,738273,20200,2
624,4005,738273,91100,4
625,4005,738273,20300,1
626,4005,738273,61300,10
627,4005,738273,60700,10
628,5612,738273,51600,2
629,3500,738273,20000,1
630,3500,738273,20200,1
631,3500,738273,10000,1
632,3500,738273,10100,1
633,3001,738273,20100,1
634,4005,738273,20300,1
635,2000,738273,20000,1
636,2256,738273,20000,2
637,5000,738273,10000,1
638,5000,738273,10200,1
639,5000,738273,80900,4
640,6000,738273,61300,2
641,6000,738273,51300,2
642,5000,738277,60500,2
643,4005,738277,35300,1
644,4005,738277,80100,1
645,3001,738277,10600,5
646,3001,738277,10200,1
647,4005,738277,61200,12
648,4005,738277,61300,54
649,4005,738277,35600,6
650,4005,738277,30000,4
651,4005,738277,60800,1
652,4005,738277,60400,1
653,3000,738277,20000,1
654,3000,738277,60000,3
655,3000,738277,60500,3
656,3000,738277,60700,2
657,3000,738277,61300,12
658,3000,738277,61200,2
659,3000,738277,80000,6
660,3000,738277,80100,6
661,3000,738277,51100,2
662,3000,738277,60900,1
663,3000,738277,61400,1
664,3000,738277,61500,1
665,3000,738277,80200,2
666,3000,738277,80300,1
667,2345,738277,80000,20
668,2345,738277,80100,20
669,2345,738277,80900,10
670,2345,738277,20000,2
671,2345,738277,101900,10
672,4001,738277,80800,16
673,3000,738278,100000,8
674,3000,738278,60000,4
675,3000,738278,61200,2
676,3000,738278,61300,8
677,3000,738278,61000,1
678,3000,738278,61900,2
679,3000,738278,80500,4
680,3000,738278,20000,4
681,3000,738278,45000,4
682,3000,738278,60000,6
683,3000,738278,61000,4
684,3000,738278,60400,4
685,3000,738278,60800,3
686,3000,738278,61300,6
687,3000,738278,60700,4
688,3000,738278,61800,1
689,3000,738278,20000,10
690,3000,738278,35500,5
691,3000,738278,35600,5
692,3000,738278,51200,2
693,3000,738278,60000,12
694,3000,738278,60400,12
695,3000,738278,60500,12
696,3000,738278,61000,6
697,3000,738278,61200,2
698,3000,738278,60900,2
699,3000,738278,61600,2
700,3000,738278,61700,2
701,3000,738278,61800,5
702,3000,738278,70500,2
703,3000,738278,80300,3
704,3000,738278,101800,5
705,6900,738278,90200,72
706,6900,738278,90800,4
707,2256,738278,80300,2
708,2000,738279,61300,2
709,2000,738279,60000,3
710,2000,738279,60900,1
711,2000,738279,61600,3
712,3001,738279,75000,5
713,3001,738279,75400,5
714,3000,738279,60400,1
715,3000,738279,60100,2
716,3000,738279,60800,1
717,3000,738279,60000,3
718,3000,738279,60500,2
719,2256,738279,80300,6
720,4005,738279,91100,4
721,4005,738279,30100,2
722,4005,738279,10200,4
723,4005,738279,100100,1
724,3000,738284,61300,2
725,4005,738284,20200,21
726,4005,738284,30000,64
727,4005,738284,10200,1
728,4005,738284,80100,50
729,4005,738284,80000,50
730,4005,738284,20500,1
731,4005,738284,91100,1
732,4005,738284,35500,3
733,4005,738284,35600,3
734,4005,738284,45000,1
735,4005,738284,90500,1
736,4005,738284,90700,1
737,4005,738284,90000,125
738,4005,738284,61300,1
739,4005,738284,70000,13
740,4005,738284,70100,4
741,4005,738284,70200,4
742,4005,738284,70300,4
743,4005,738284,70400,1
744,3000,738284,35500,4
745,3000,738284,35600,4
746,3000,738284,45000,12
747,3000,738284,60400,2
748,3000,738284,60800,6
749,3000,738284,60000,12
750,3000,738284,60700,4
751,3000,738284,61300,12
752,3000,738284,60100,12
753,3000,738284,80300,1
754,3000,738284,80500,1
755,3000,738284,61000,3
756,3000,738284,61900,2
757,3000,738284,61200,4
758,3000,738284,80500,2
759,3000,738284,80300,1
760,3000,738284,61900,2
761,3000,738284,75400,1
762,3001,738284,10100,2
763,3001,738284,20200,2
764,3001,738284,20000,1
765,3001,738284,101800,1
766,3001,738284,80100,4
767,3001,738284,45000,4
768,6900,738284,60300,15
769,4000,738284,70400,12
770,4000,738284,60000,48
771,4000,738284,60400,30
772,4000,738284,61900,36
773,4000,738284,60800,60
774,4001,738284,61000,10
775,4001,738284,60400,15
776,4001,738284,10200,5
777,4001,738284,80200,1
778,4001,738284,60800,15
779,2000,738284,60000,4
780,2000,738284,80000,4
781,2000,738284,80100,4
782,2000,738284,61000,4
783,2000,738284,60800,4
784,2000,738284,20000,1
785,2000,738284,60500,4
786,2000,738284,61300,7
787,2000,738284,61200,3
788,2000,738284,35100,5
789,2000,738284,60000,2
790,2000,738284,20000,4
791,2000,738284,60500,6
792,2000,738284,10000,7
793,2000,738284,10100,3
794,2000,738284,61000,6
795,2000,738284,60400,7
796,2000,738284,30100,16
797,2000,738284,61900,4
798,2000,738284,60800,4
799,2000,738284,80900,12
800,2000,738284,35600,12
801,3000,738284,61400,1
802,4005,738284,60500,1
803,2000,738284,61300,2
804,4005,738284,30000,4
805,4135,738284,60400,2
806,4135,738284,60800,2
807,2000,738284,61300,2
808,2000,738284,60700,1
809,2000,738284,61100,1
810,4005,738284,10200,2
811,4005,738284,70400,1
812,4005,738284,10200,2
813,4005,738284,90600,12
814,4005,738284,10200,7
815,3000,738284,101800,1
816,3000,738284,61300,2
817,3000,738284,60100,2
818,2000,738284,20000,1
819,4005,738284,70400,1
820,4005,738284,90200,2
821,4135,738284,20200,7
822,4135,738284,10200,4
823,4135,738284,20500,1
824,4135,738284,30000,16
825,4135,738284,20000,1
826,4135,738284,10200,4
827,4135,738284,10100,2
828,4005,738284,75000,1
829,4005,738284,30000,16
830,2000,738284,60000,3
831,2000,738284,61600,1
832,4005,738284,60000,2
833,7200,738284,60000,1
834,7200,738284,60100,2
835,6632,738284,20000,2
836,4135,738284,61900,1
837,4135,738284,60800,1
838,2256,738284,60200,1
839,2256,738284,60800,1
840,5612,738284,20400,2
841,4005,738284,60100,16
842,4005,738284,60500,14
843,3000,738284,61300,4
844,3000,738284,20000,1
845,4005,738284,10200,12
846,4005,738284,80600,2
847,5000,738284,10100,1
848,5000,738284,10200,1
849,3000,738284,70500,3
850,3000,738284,80200,1
851,2500,738284,70500,2
852,4005,738284,61900,8
853,4005,738284,60800,8
854,3000,738284,61300,15
855,3000,738284,70500,2
856,3000,738284,61600,1
857,3000,738284,80300,1
858,4135,738284,10500,3
859,4135,738284,10600,3
860,3000,738288,61400,2
861,3000,738288,61500,2
862,3000,738288,61600,2
863,3000,738288,61700,2
864,7500,738288,75400,2
865,7500,738288,70300,2
866,7500,738288,70200,1
867,7500,738288,10100,3
868,3000,738288,10400,2
869,3000,738288,10600,2
870,3000,738288,70400,2
871,3000,738288,70500,4
872,3000,738288,81400,4
873,3000,738288,80200,3
874,3000,738288,10000,1
875,3000,738288,20000,1
876,3000,738288,60100,3
877,3000,738288,60500,3
878,3000,738288,61300,2
879,3000,738288,61800,1
880,3000,738288,101800,2
881,3000,738288,20000,20
882,3000,738288,35500,6
883,3000,738288,35600,12
884,3000,738288,60000,12
885,3000,738288,60100,6
886,3000,738288,60400,12
887,3000,738288,60800,12
888,3000,738288,61200,4
889,3000,738288,61000,2
890,3000,738288,61400,24
891,3000,738288,61900,4
892,3000,738288,80400,3
893,3000,738288,80300,1
894,3000,738288,80500,5
895,3000,738288,62000,3
896,6632,738288,20300,24
897,6632,738288,20400,48
898,6632,738288,20500,3
899,6632,738288,30000,10
900,6632,738288,60500,3
901,6632,738288,61200,2
902,6632,738288,90500,4
903,5000,738288,20400,2
904,3000,738288,10000,1
905,3000,738288,10100,1
906,3000,738288,20000,2
907,3000,738288,35500,1
908,3000,738288,35600,1
909,4005,738292,20000,1
910,4005,738292,10000,1
911,3000,738292,60900,4
912,4005,738292,80000,1
913,3000,738292,20000,2
914,4005,738292,80000,2
915,4005,738292,62000,1
916,4005,738292,90500,1
917,4005,738292,30000,4
918,6900,738292,91100,24
919,6900,738292,75000,6
920,3000,738292,62000,3
921,3000,738292,30100,1
922,3000,738292,45000,2
923,3000,738292,80100,2
924,4113,738292,10000,1
925,3000,738292,20000,1
926,5612,738292,35800,1
927,5612,738292,35500,1
928,4005,738292,30000,44
929,4005,738292,60100,6
930,4135,738292,80000,3
931,4135,738292,60500,1
932,4135,738292,60100,1
933,4135,738292,80000,4
934,4135,738292,80100,4
935,3000,738292,35500,2
936,3000,738292,35600,2
937,4005,738292,80000,4
938,4005,738292,10200,2
939,4005,738292,75000,1
940,4005,738292,62000,1
941,4005,738292,80000,4
942,3500,738292,80000,4
943,4005,738292,10200,8
944,4113,738292,20000,1
945,4005,738292,30100,1
946,5000,738292,61200,1
947,5000,738292,61300,2
948,5000,738292,60700,1
949,5000,738292,61600,1
950,5000,738292,61700,1
951,5000,738292,60900,1
952,5000,738292,60200,1
953,5000,738292,60800,1
954,4135,738292,10200,1
955,4005,738292,30000,4
956,4005,738292,20200,2
957,4005,738292,70400,1
958,4005,738292,80000,2
959,6900,738294,70600,30
960,4005,738294,61300,2
961,4005,738294,60700,2
962,4005,738294,20000,1
963,3000,738294,61300,1
964,4113,738294,100000,3
965,2256,738294,70400,8
966,4005,738294,60000,3
967,4005,738294,41600,2
968,4005,738294,81400,2
969,4005,738294,10200,3
970,4005,738294,10100,1
971,5000,738294,20200,4
972,5000,738294,20000,4
973,5000,738294,102000,24
974,5000,738294,101900,2
975,3000,738294,100000,4
976,3000,738294,100200,1
977,4005,738294,100100,1
978,3000,738294,102800,2
979,3000,738294,10000,1
980,3000,738294,10100,1
981,3000,738294,20000,2
982,3000,738294,35500,1
983,3000,738294,35600,1
984,5000,738294,100000,1
985,5000,738294,10700,2
986,5000,738294,61300,5
987,5000,738294,90200,10
988,5000,738294,91100,12
989,5000,738294,101900,12
990,5000,738294,102000,12
991,5000,738294,35300,1
992,5000,738294,80000,10
993,5000,738294,80100,10
994,5000,738294,60200,2
995,5000,738294,10400,1
996,5000,738294,60800,2
997,3000,738294,10400,2
998,3000,738294,10600,2
999,3000,738294,100000,4
1000,3000,738294,70400,2
1001,3000,738294,70500,4
1002,3000,738294,41600,4
1003,3000,738294,80200,3
1004,6782,738294,60800,3
1005,6782,738294,61300,6
1006,6782,738294,30000,16
1007,6782,738294,51400,48
1008,6782,738294,51500,24
1009,4005,738294,10200,1
1010,7200,738294,10200,3
1011,7200,738294,20000,3
1012,7200,738294,35000,6
1013,7200,738294,61000,6
1014,7200,738294,70300,20
1015,7200,738294,81600,2
1016,7200,738294,81800,4
1017,7200,738294,90600,12
1018,7200,738294,91100,12
1019,7200,738294,61300,1
1020,7200,738294,60700,1
1021,3000,738294,35000,6
1022,3000,738294,10100,100
1023,3000,738294,80900,1
1024,4001,738294,10100,3
1025,4001,738294,10200,3
1026,4001,738294,70100,20
1027,4001,738294,70200,20
1028,4001,738294,70300,20
1029,4005,738294,20200,24
1030,4005,738294,30000,48
1031,4005,738294,80000,36
1032,4005,738294,80100,36
1033,4005,738294,20500,1
1034,4005,738294,91100,33
1035,4005,738294,61300,6
1036,4005,738294,20200,27
1037,4005,738294,30000,60
1038,4005,738294,10200,1
1039,4005,738294,80000,24
1040,4005,738294,80100,31
1041,4005,738294,20500,3
1042,4005,738294,91100,14
1043,4005,738294,35700,1
1044,4005,738294,35500,5
1045,4005,738294,35600,6
1046,4005,738294,45000,1
1047,4005,738294,90500,1
1048,4005,738294,90700,3
1049,4005,738294,61300,9
1050,4005,738294,70200,2
1051,4005,738294,60800,2
1052,4005,738294,61900,2
1053,4005,738294,10200,25
1054,4005,738294,61900,6
1055,4005,738294,60800,10
1056,4005,738294,61000,4
1057,4005,738295,61300,2
1058,4005,738295,10200,1
1059,4005,738295,80000,4
1060,4005,738295,80100,4
1061,3000,738295,35000,2
1062,2000,738295,80000,2
1063,2000,738295,80100,2
1064,2000,738295,80900,1
1065,2000,738295,20000,1
1066,2000,738295,80000,2
1067,2000,738295,80100,2
1068,4111,738295,80100,1
1069,4111,738295,80000,1
1070,4111,738295,101900,1
1071,3000,738295,10100,100
1072,3000,738295,80900,1
1073,3001,738295,20300,4
1074,3001,738295,20000,4
1075,3001,738295,61800,4
1076,2000,738295,60000,4
1077,2000,738295,80000,4
1078,2000,738295,80100,4
1079,2000,738295,60800,4
1080,2000,738295,61000,4
1081,2000,738295,60500,4
1082,2000,738295,20000,1
1083,5000,738295,10700,2
1084,5000,738295,60200,2
1085,5000,738295,20300,2
1086,4005,738298,61300,3
1087,4005,738298,10200,4
1088,4005,738298,61300,3
1089,4005,738298,30000,1
1090,4005,738298,20200,5
1091,3000,738298,45000,3
1092,3000,738298,100000,2
1093,4005,738298,20200,1
1094,4005,738298,20300,3
1095,3001,738298,61300,12
1096,3000,738298,20000,1
1097,3001,738298,10100,1
1098,4005,738298,101100,2
1099,4005,738298,80000,12
1100,4005,738298,80100,12
1101,4005,738298,80100,5
1102,4005,738298,70300,3
1103,4005,738298,90900,2
1104,4005,738298,90800,2
1105,3001,738298,10200,1
1106,3000,738298,61200,2
1107,3000,738298,20000,1
1108,4005,738298,30000,2
1109,4005,738298,20200,3
1110,4005,738298,90000,54
1111,4113,738298,60000,1
1112,4005,738298,80000,2
1113,4005,738298,80100,2
1114,5000,738298,61300,1
1115,4005,738298,60000,1
1116,4005,738298,80000,1
1117,4005,738298,80100,1
1118,4005,738298,10200,1
1119,4005,738298,10200,1
1120,4005,738298,70200,1
1121,4005,738298,20000,3
1122,4005,738298,10200,4
1123,4005,738298,60400,3
1124,4005,738298,60800,3
1125,2256,738298,80200,1
1126,2256,738298,80500,1
1127,3000,738298,35500,2
1128,3000,738298,35600,2
1129,3000,738298,81100,1
1130,4005,738298,20200,9
1131,4005,738298,30000,44
1132,4005,738298,35300,1
1133,4005,738298,80000,4
1134,4005,738298,80100,4
1135,4005,738298,91100,4
1136,4005,738298,45000,2
1137,4005,738298,90700,2
1138,4005,738298,61300,12
1139,4005,738298,70000,2
1140,4005,738298,61900,5
1141,4005,738298,60800,13
1142,4005,738298,60500,1
1143,4005,738298,60000,1
1144,4005,738298,61200,1
1145,4005,738298,60400,4
1146,4005,738298,61000,4
1147,4005,738298,70400,5
1148,4005,738298,61300,3
1149,4005,738298,80000,18
1150,4005,738298,51000,1
1151,4005,738298,10200,4
1152,4005,738298,81400,2
1153,4005,738298,35800,12
1154,6900,738298,70100,1
1155,6900,738298,70300,1
1156,6900,738298,61200,5
1157,6900,738298,61300,1
1158,6900,738298,60900,6
1159,6900,738298,60700,9
1160,6900,738298,91100,12
1161,3000,738298,10300,4
1162,3000,738298,20000,4
1163,3000,738298,10200,2
1164,4111,738298,10100,2
1165,4111,738298,51100,2
1166,4113,738298,60100,6
1167,4113,738298,60500,3
1168,4113,738298,61000,6
1169,4005,738298,90700,2
1170,3000,738298,100000,1
1171,3000,738298,90000,2
1172,3001,738298,20000,4
1173,3001,738298,20200,4
1174,3001,738298,61800,4
1175,6632,738298,10200,30
1176,6632,738298,10000,30
1177,6632,738298,35500,6
1178,6632,738298,35600,6
1179,6632,738298,60100,30
1180,6632,738298,60500,30
1181,6632,738298,61400,4
1182,6632,738298,61500,4
1183,6632,738298,80000,20
1184,6632,738298,80100,40
1185,6632,738298,90200,14
1186,5000,738298,80000,3
1187,5000,738298,60000,3
1188,5000,738298,60500,3
1189,5000,738298,20000,1
1190,5000,738298,35500,3
1191,5000,738298,35600,3
1192,5000,738298,100000,2
1193,5000,738298,101900,2
1194,4005,738299,51100,1
1195,4005,738299,30000,1
1196,6699,738299,30000,10
1197,6699,738299,80100,500
1198,6699,738299,90100,60
1199,6699,738299,90600,24
1200,4005,738299,20200,41
1201,4005,738299,30000,11
1202,4005,738299,10200,2
1203,4005,738299,35300,3
1204,4005,738299,80000,20
1205,4005,738299,80100,20
1206,4005,738299,20500,4
1207,4005,738299,91100,12
1208,4005,738299,35700,2
1209,4005,738299,35600,3
1210,4005,738299,35500,3
1211,4005,738299,45000,8
1212,4005,738299,90500,4
1213,4005,738299,90700,2
1214,4005,738299,90000,30
1215,4005,738299,61300,4
1216,4005,738299,70100,2
1217,4005,738299,70200,5
1218,4005,738299,70300,2
1219,4005,738299,62000,1
1220,4005,738299,61900,2
1221,4005,738299,60800,8
1222,4005,738299,60500,1
1223,4005,738299,60000,1
1224,4005,738299,81700,3
1225,4005,738299,61200,1
1226,4005,738299,60400,1
1227,4005,738299,61000,5
1228,4005,738299,70400,1
1229,4005,738299,90300,1
1230,4005,738299,90400,1
1231,4005,738300,35000,2
1232,4005,738300,80100,1
1233,6671,738300,10100,10
1234,6671,738300,35600,6
1235,6671,738300,35500,6
1236,6671,738300,60000,12
1237,6671,738300,70100,20
1238,6671,738300,91100,24
1239,6782,738300,10000,50
1240,6782,738300,20200,10
1241,6782,738300,20000,3
1242,6782,738300,60700,6
1243,6782,738300,90400,2
1244,6782,738300,90300,1
1245,4111,738301,80000,3
1246,4111,738301,80100,3
1247,4111,738301,10000,1
1248,4111,738301,35500,2
1249,4111,738301,35600,2
1250,4111,738301,60100,1
1251,4111,738301,60500,1
1252,7500,738301,70300,10
1253,7500,738301,70200,20
1254,7500,738301,20300,1
1255,3000,738301,75400,1
1256,6900,738301,80000,12
1257,6900,738301,80100,12
1258,6900,738301,36000,24
1259,4006,738301,61000,4
1260,4006,738301,80100,1
1261,4006,738301,81800,3
1262,4000,738301,10200,10
1263,4000,738301,51000,24
1264,4000,738301,51600,96
1265,4000,738301,35600,20
1266,4000,738301,41600,10
1267,4000,738301,81600,10
1268,4000,738301,62000,10
1269,7200,738301,10200,10
1270,4135,738301,30000,8
1271,4111,738302,20000,1
1272,4005,738302,20200,10
1273,4005,738302,30000,36
1274,4005,738302,90500,2
1275,4005,738302,61300,2
1276,2000,738302,10200,1
1277,2000,738302,100000,1
1278,3000,738302,20000,1
1279,3000,738302,10500,1
1280,3000,738302,60000,1
1281,3000,738302,60500,1
1282,3000,738302,61300,1
1283,3000,738302,60700,1
1284,3000,738302,60000,1
1285,3000,738302,61800,2
1286,3000,738302,30000,4
1287,4005,738302,91100,1
1288,4005,738302,35700,2
1289,3000,738302,35500,2
1290,3000,738302,35600,2
1291,3000,738302,45000,3
1292,3000,738302,80100,3
1293,4005,738302,10200,2
1294,4005,738302,30100,1
1295,4005,738302,10200,2
1296,4005,738302,20000,3
1297,4005,738302,20100,1
1298,4005,738302,10000,1
1299,4005,738302,10100,2
1300,4005,738302,35700,5
1301,4111,738302,45000,2
1302,3000,738302,60600,2
1303,2256,738303,80400,1
1304,4005,738303,20000,1
1305,4005,738303,20200,1
1306,4005,738303,20200,7
1307,4005,738303,30000,19
1308,4005,738303,35000,6
1309,4005,738303,35300,4
1310,4005,738303,80000,14
1311,4005,738303,80100,14
1312,4005,738303,20500,6
1313,4005,738303,91100,5
1314,4005,738303,60100,4
1315,4005,738303,35700,2
1316,4005,738303,90500,5
1317,4005,738303,90700,4
1318,4005,738303,90000,61
1319,4005,738303,61300,7
1320,4005,738303,70000,5
1321,4005,738303,70100,8
1322,4005,738303,70200,10
1323,4005,738303,70300,9
1324,4005,738303,61200,1
1325,4005,738303,60500,2
1326,4005,738303,60000,1
1327,4005,738303,61000,1
1328,4005,738303,60400,2
1329,4005,738303,60800,3
1330,4005,738303,61600,2
1331,4005,738303,80900,2
1332,3000,738303,80000,2
1333,3000,738303,80100,2
1334,5000,738304,60200,1
1335,5000,738304,60800,1
1336,5000,738304,60100,2
1337,5000,738304,60500,2
1338,5000,738304,30100,2
1339,5000,738304,100000,6
1340,5000,738304,102100,8
1341,5000,738304,70000,10
1342,5000,738304,70100,20
1343,5000,738304,70200,10
1344,4005,738304,81800,1
1345,4005,738304,81400,1
1346,4005,738304,70200,1
1347,4005,738304,10200,2
1348,3000,738304,20000,1
1349,4005,738304,60100,2
1350,4005,738304,70400,1
1351,4005,738304,70300,1
1352,4005,738304,61000,3
1353,4005,738304,60800,3
1354,4005,738304,10200,15
1355,5000,738305,20200,2
1356,5000,738305,60200,2
1357,5000,738305,60800,2
1358,5000,738305,10700,2
1359,2000,738305,100000,3
1360,2000,738305,10000,1
1361,2000,738305,10100,1
1362,2000,738305,20000,1
1363,2000,738305,35500,1
1364,2000,738305,35600,2
1365,2000,738305,51000,1
1366,2000,738305,60000,2
1367,2000,738305,60500,2
1368,2000,738305,60700,2
1369,2000,738305,60900,2
1370,2000,738305,61000,1
1371,2000,738305,61100,2
1372,2000,738305,61200,1
1373,2000,738305,61300,4
1374,2000,738305,61300,1
1375,2000,738305,61400,1
1376,2000,738305,61500,1
1377,2000,738305,61300,1
1378,2000,738305,80000,3
1379,2000,738305,80100,3
1380,2000,738305,101900,1
1381,2000,738305,102000,1
1382,4005,738305,80000,2
1383,4005,738305,80100,2
1384,4005,738305,10200,10
1385,4005,738305,60100,12
1386,4005,738305,90300,1
1387,4005,738305,90400,1
1388,4113,738305,10000,1
1389,4005,738305,20200,35
1390,4005,738305,30000,37
1391,4005,738305,10200,2
1392,4005,738305,35300,4
1393,4005,738305,80000,31
1394,4005,738305,80100,31
1395,4005,738305,20500,8
1396,4005,738305,91100,18
1397,4005,738305,35700,3
1398,4005,738305,45000,1
1399,4005,738305,90500,4
1400,4005,738305,90700,3
1401,4005,738305,90000,64
1402,4005,738305,61300,12
1403,4005,738305,70000,10
1404,4005,738305,70100,4
1405,4005,738305,70200,13
1406,4005,738305,70300,8
1407,4005,738305,61900,3
1408,4005,738305,60400,1
1409,4005,738305,61000,7
1410,4005,738305,60800,11
1411,4005,738305,60500,1
1412,4005,738305,60700,2
1413,4005,738305,70400,9
1414,3001,738305,20000,1
1415,2000,738305,80000,2
1416,2000,738305,80100,2
1417,2000,738305,102000,4
1418,4005,738305,90600,1
1419,7200,738305,60400,2
1420,7200,738305,60800,2
1421,3001,738305,70500,3
1422,3000,738306,31000,1
1423,4005,738306,20200,14
1424,4005,738306,30000,9
1425,4005,738306,10200,1
1426,4005,738306,80100,2
1427,4005,738306,80000,2
1428,4005,738306,20500,1
1429,4005,738306,91100,1
1430,4005,738306,35700,1
1431,4005,738306,45000,1
1432,4005,738306,90500,2
1433,4005,738306,90000,25
1434,4005,738306,61300,5
1435,4005,738306,70200,3
1436,4005,738306,70300,2
1437,4005,738306,61900,1
1438,4005,738306,61200,1
1439,4005,738306,60700,3
1440,4005,738306,60400,1
1441,4005,738306,60800,2
1442,4005,738306,70400,2
1443,2000,738306,80100,2
1444,2000,738306,80000,2
1445,2000,738306,100000,2
1446,2000,738306,80900,1
1447,2000,738306,102800,1
1448,2000,738306,61100,1
1449,6900,738306,61300,12
1450,6900,738306,50300,12
1451,6900,738306,62000,12
1452,4001,738306,80000,2
1453,4001,738306,80100,2
1454,3001,738306,20000,2
1455,4005,738306,10200,9
1456,4005,738306,10300,8
1457,4005,738307,60800,1
1458,4005,738307,103100,1
1459,4005,738307,60400,5
1460,4005,738307,60800,5
1461,4005,738307,60100,3
1462,4005,738307,60500,3
1463,4005,738307,61300,3
1464,4005,738307,61200,3
1465,4005,738307,60700,3
1466,4005,738307,20000,1
1467,4005,738307,10200,1
1468,4005,738307,10100,1
1469,4005,738307,10000,1
1470,4005,738307,50300,9
1471,4005,738307,10100,1
1472,4005,738307,60200,1
1473,3001,738307,20000,1
1474,4005,738307,20200,17
1475,4005,738307,30000,10
1476,4005,738307,80000,13
1477,4005,738307,80100,13
1478,4005,738307,91100,7
1479,4005,738307,45000,1
1480,4005,738307,35500,1
1481,4005,738307,35600,1
1482,4005,738307,90500,1
1483,4005,738307,90700,2
1484,4005,738307,61300,3
1485,4005,738307,90000,13
1486,4005,738307,70000,4
1487,4005,738307,70100,2
1488,4005,738307,70200,9
1489,4005,738307,70300,5
1490,4111,738307,60800,1
1491,4111,738307,60100,1
1492,4111,738307,61000,1
1493,6699,738307,10200,100
1494,3001,738307,10100,2
1495,4005,738308,20200,14
1496,4005,738308,30000,2
1497,4005,738308,80000,13
1498,4005,738308,80100,13
1499,4005,738308,91100,1
1500,4005,738308,35700,1
1501,4005,738308,35500,3
1502,4005,738308,35600,3
1503,4005,738308,61300,13
1504,4005,738308,70000,5
1505,4005,738308,70100,8
1506,4005,738308,70200,5
1507,4005,738308,70300,5
1508,4005,738308,90500,1
1509,4005,738308,90000,2
1510,4005,738308,10200,1
1511,4005,738308,80000,10
1512,4005,738308,80100,10
1513,4005,738308,61200,1
1514,4005,738308,61300,3
1515,4005,738308,60700,1
1516,4005,738308,60800,2
1517,4000,738308,80000,2
1518,4000,738308,80100,2
1519,4005,738308,10200,1
1520,5000,738308,10000,1
1521,5000,738308,10200,1
1522,2345,738308,20000,1
1523,9000,738308,10000,1
1524,4005,738308,20000,1
1525,4005,738309,20100,7
1526,4005,738309,30000,5
1527,4005,738309,35300,1
1528,4005,738309,80000,16
1529,4005,738309,10100,1
1530,4005,738309,80100,16
1531,4005,738309,91100,1
1532,4005,738309,45000,3
1533,4005,738309,90700,2
1534,4005,738309,20500,3
1535,4005,738309,61300,3
1536,4005,738309,90000,13
1537,4005,738309,70000,2
1538,4005,738309,70100,3
1539,4005,738309,70200,5
1540,4005,738309,70300,6
1541,4005,738309,10200,1
1542,4005,738309,60800,6
1543,4005,738309,61000,3
1544,4005,738309,60400,2
1545,4005,738309,61900,1
1546,4005,738309,81700,6
1547,3000,738309,20000,2
1548,4005,738309,10300,3
1549,4005,738309,10100,5
1550,4005,738309,75100,1
1551,3000,738309,60500,2
1552,3000,738309,60100,2
1553,4005,738309,100000,2
1554,4005,738309,10700,2
1555,4005,738309,75000,2
1556,6500,738309,20000,4
1557,6500,738309,20200,2
1558,6500,738309,30000,32
1559,6500,738309,75400,8
1560,6500,738309,75000,8
1561,6500,738309,75100,6
1562,6500,738309,30100,1
1563,4005,738309,75000,1
1564,3000,738309,20000,1
1565,4111,738309,80100,3
1566,6632,738309,80000,2
1567,6632,738309,80100,2
1568,6632,738309,80900,2
1569,4005,738309,10200,15
1570,3000,738309,10500,3
1571,4005,738310,35000,2
1572,4005,738310,61300,3
1573,3000,738310,61300,3
1574,4005,738310,75000,1
1575,4005,738310,75100,1
1576,4005,738310,20200,11
1577,4005,738310,30000,4
1578,4005,738310,80000,5
1579,4005,738310,80100,5
1580,4005,738310,90500,1
1581,4005,738310,20500,3
1582,4005,738310,90000,3
1583,4005,738310,70200,1
1584,4005,738310,70300,1
1585,4005,738310,10200,1
1586,3000,738310,100000,1
1587,3000,738310,10000,1
1588,4111,738310,10200,1
1589,3000,738310,80900,1
1590,3000,738310,61300,4
1591,4005,738310,20200,3
1592,3000,738310,60100,4
1593,3000,738310,60500,6
1594,3000,738310,80200,2
1595,3000,738310,80500,1
1596,3000,738310,80000,6
1597,3000,738310,80100,6
1598,3000,738310,62000,6
1599,3000,738310,61200,2
1600,3000,738310,61300,12
1601,3000,738310,101800,2
1602,4005,738311,20200,11
1603,4005,738311,30000,7
1604,4005,738311,35300,1
1605,4005,738311,80000,7
1606,4005,738311,80100,2
1607,4005,738311,45000,6
1608,4005,738311,35500,1
1609,4005,738311,35600,1
1610,4005,738311,90700,1
1611,4005,738311,61300,2
1612,4005,738311,70000,1
1613,4005,738311,70100,1
1614,4005,738311,70200,1
1615,4005,738311,10200,2
1616,4005,738311,60400,1
1617,4005,738311,60500,1
1618,4135,738311,10200,1
1619,4135,738311,70500,2
1620,3000,738311,75000,1
1621,3000,738311,75400,1
1622,3000,738311,35500,2
1623,3000,738311,35600,2
1624,3000,738311,20000,1
1625,5612,738311,81300,1
1626,4005,738311,10200,7
1627,4005,738311,60100,6
1628,4005,738311,60500,6
1629,4005,738311,10200,1
1630,4005,738311,90300,1
1631,4005,738311,90300,3
1632,4005,738311,90400,2
1633,4005,738311,80900,5
1634,4005,738311,60100,1
1635,4005,738311,60500,1
1636,3000,738311,80100,1
1637,3000,738311,35700,2
1638,4005,738311,20000,1
1639,4005,738311,10200,4
1640,4005,738311,20300,1
1641,4005,738311,10000,2
1642,4005,738311,20000,1
1643,4005,738311,90500,1
1644,4005,738311,20100,1
1645,4005,738311,20200,2
1646,4005,738311,30000,3
1647,4005,738311,10700,2
1648,4005,738312,20200,22
1649,4005,738312,30000,13
1650,4005,738312,35300,3
1651,4005,738312,80000,26
1652,4005,738312,80100,28
1653,4005,738312,91100,1
1654,4005,738312,35700,1
1655,4005,738312,45000,2
1656,4005,738312,90400,2
1657,4005,738312,61300,8
1658,4005,738312,90000,10
1659,4005,738312,70000,2
1660,4005,738312,70100,1
1661,4005,738312,70200,2
1662,4005,738312,70300,1
1663,4005,738312,61000,1
1664,4005,738312,60500,1
1665,4005,738312,61900,1
1666,4005,738312,60800,2
1667,4005,738312,70400,1
1668,4005,738312,20200,6
1669,4005,738312,10200,1
1670,2000,738312,10700,2
1671,3000,738312,20000,2
1672,6900,738312,70000,50
1673,6900,738312,70100,50
1674,6900,738312,70200,50
1675,6900,738312,70300,50
1676,6500,738312,60800,4
1677,6500,738312,60000,2
1678,6500,738312,60400,2
1679,6500,738312,60500,2
1680,6500,738312,61300,6
1681,6500,738312,61200,1
1682,6500,738312,60700,2
1683,6500,738312,10200,1
1684,6500,738312,10100,1
1685,6500,738312,61900,2
1686,3000,738312,80000,10
1687,3000,738312,80100,15
1688,5612,738312,90400,1
1689,4005,738312,20000,1
1690,4005,738312,20200,1
1691,4005,738312,75500,2
1692,4005,738312,10000,1
1693,4005,738312,103200,1
1694,4005,738312,70400,2
1695,4005,738312,90600,12
1696,3000,738312,61800,2
1697,3000,738312,61900,1
1698,3000,738312,60800,3
1699,4005,738313,20200,18
1700,4005,738313,30000,12
1701,4005,738313,80000,7
1702,4005,738313,80100,7
1703,4005,738313,91100,6
1704,4005,738313,35700,1
1705,4005,738313,35500,2
1706,4005,738313,35600,2
1707,4005,738313,61300,5
1708,4005,738313,90000,12
1709,4005,738313,70000,2
1710,4005,738313,70200,6
1711,4005,738313,80000,1
1712,4005,738313,80100,1
1713,7500,738313,75000,8
1714,7500,738313,75400,8
1715,4005,738313,35800,1
1716,4005,738313,60300,2
1717,4005,738313,75100,1
1718,4005,738313,80000,4
1719,4005,738313,80100,4
1720,4005,738313,80600,1
1721,3000,738313,60100,2
1722,3000,738313,60400,2
1723,3000,738313,60800,2
1724,5000,738313,60100,12
1725,4005,738314,61300,2
1726,4005,738314,81700,1
1727,4005,738314,80200,1
1728,4005,738314,80000,3
1729,4005,738314,80100,3
1730,4005,738314,70300,30
1731,4005,738314,70200,30
1732,4005,738314,70100,20
1733,4111,738314,70100,10
1734,4111,738314,70200,20
1735,4005,738314,10000,1
1736,4005,738314,60300,1
1737,5000,738314,60000,12
1738,5000,738314,61900,2
1739,5000,738314,60800,2
1740,5000,738314,80300,1
1741,5000,738314,20000,1
1742,3000,738314,100800,3
1743,4005,738314,35200,1
1744,6900,738316,35800,300
1745,4005,738316,20300,1
1746,4005,738316,10200,1
1747,4005,738316,10100,2
1748,4005,738316,10200,12
1749,4005,738316,30100,1
1750,4005,738316,60500,7
1751,4005,738316,60100,1
1752,4005,738316,35300,1
1753,4005,738316,10200,11
1754,4005,738316,35300,1
1755,4005,738316,81700,1
1756,4005,738316,60700,1
1757,4005,738316,20200,10
1758,4005,738316,30000,4
1759,4005,738316,70000,10
1760,4005,738316,70100,10
1761,4005,738316,70200,10
1762,4005,738316,70300,10
1763,4005,738316,35500,2
1764,4005,738316,35600,2
1765,4005,738316,45000,1
1766,4005,738316,35700,1
1767,4005,738316,91100,6
1768,4005,738316,80100,7
1769,4005,738316,80000,6
1770,4005,738316,90000,6
1771,4005,738316,61300,2
1772,4005,738316,20500,1
1773,4005,738316,90700,1
1774,4005,738316,90500,1
1775,4005,738316,60400,1
1776,4005,738316,61000,1
1777,4005,738316,60800,3
1778,4005,738316,60000,1
1779,4005,738316,70400,1
1780,4005,738316,90200,1
1781,4005,738316,61900,1
1782,4005,738316,35300,1
1783,4005,738316,60800,1
1784,4005,738316,61000,1
1785,4005,738316,20000,1
1786,4005,738316,10200,2
1787,4005,738316,10000,1
1788,4005,738316,20200,24
1789,4005,738316,30000,12
1790,4005,738316,35300,2
1791,4005,738316,80000,19
1792,4005,738316,80100,19
1793,4005,738316,91100,11
1794,4005,738316,35500,1
1795,4005,738316,35600,1
1796,4005,738316,90500,3
1797,4005,738316,90700,1
1798,4005,738316,20500,2
1799,4005,738316,61300,10
1800,4005,738316,90000,23
1801,4005,738316,70000,4
1802,4005,738316,70100,6
1803,4005,738316,70200,11
1804,4005,738316,70300,7
1805,4005,738316,10200,1
1806,4005,738316,90200,2
1807,4005,738316,61000,1
1808,4005,738316,60500,3
1809,4005,738316,60000,1
1810,4005,738316,61900,1
1811,4005,738316,60800,2
1812,6699,738316,75000,8
1813,4001,738316,10200,3
1814,4001,738316,81700,9
1815,4001,738316,70000,3
1816,4001,738316,70100,3
1817,4001,738316,70200,3
1818,4001,738316,70300,3
1819,5000,738316,80200,1
1820,5000,738316,80500,1
1821,2000,738316,61300,1
1822,2000,738316,60700,1
1823,2000,738316,61200,1
1824,6900,738316,80000,12
1825,6900,738316,80100,15
1826,3000,738316,80400,2
1827,3000,738316,80500,2
1828,3000,738316,61800,1
1829,3000,738316,60600,1
1830,3000,738316,60000,1
1831,3000,738316,100800,1
1832,4111,738316,101900,2
1833,4111,738316,80000,4
1834,4111,738316,80100,4
1835,4111,738316,35500,2
1836,4111,738316,35600,4
1837,3000,738316,80200,1
1838,3000,738316,80500,1
1839,3000,738316,80400,1
1840,4005,738316,81400,1
1841,4005,738316,41600,2
1842,4005,738316,10200,1
1843,6671,738316,80100,20
1844,4005,738316,10200,5
1845,4005,738316,80000,3
1846,4005,738316,80100,5
1847,4005,738316,20000,1
1848,4005,738316,80900,1
1849,4005,738316,80200,2
1850,4005,738316,80200,1
1851,4005,738316,80400,1
1852,4005,738316,80500,1
1853,4001,738316,70100,3
1854,4001,738316,70200,3
1855,4001,738316,60200,4
1856,4001,738316,60800,4
1857,4005,738317,20200,25
1858,4005,738317,30000,16
1859,4005,738317,80000,12
1860,4005,738317,80100,12
1861,4005,738317,91100,11
1862,4005,738317,35700,2
1863,4005,738317,45000,1
1864,4005,738317,35500,2
1865,4005,738317,35600,2
1866,4005,738317,91100,1
1867,4005,738317,90800,1
1868,4005,738317,90900,1
1869,6632,738317,60000,6
1870,6632,738317,60500,3
1871,6632,738317,61200,2
1872,6632,738317,60700,6
1873,6632,738317,61300,12
1874,6632,738317,30000,4
1875,6632,738317,20000,1
1876,2000,738317,61100,1
1877,2000,738317,61000,1
1878,2000,738317,60700,1
1879,4005,738317,80000,12
1880,4005,738317,80100,12
1881,4005,738317,91100,3
1882,4005,738317,35500,1
1883,4005,738317,35600,1
1884,4005,738317,61300,2
1885,4005,738317,90000,5
1886,4005,738317,70000,1
1887,4005,738317,70100,3
1888,4005,738317,10200,15
1889,4005,738317,10200,7
1890,6671,738317,70100,10
1891,6671,738317,70200,10
1892,6671,738317,70300,10
1893,6671,738317,81700,2
1894,6671,738317,80100,20
1895,4005,738317,20200,15
1896,4005,738317,30000,20
1897,4005,738317,80000,8
1898,4005,738317,80100,8
1899,4005,738317,91100,1
1900,4005,738317,45000,3
1901,4005,738317,35500,1
1902,4005,738317,35600,1
1903,4005,738317,20500,2
1904,4005,738317,61300,2
1905,4005,738317,90000,8
1906,4005,738317,70000,1
1907,4005,738317,70100,1
1908,4005,738317,61000,1
1909,4005,738317,90200,3
1910,4005,738317,60500,2
1911,4005,738317,60000,1
1912,4001,738317,60000,3
1913,4001,738317,80700,2
1914,4001,738317,81700,3
1915,4001,738317,60200,2
1916,4001,738317,60800,2
1917,4111,738318,102000,1
1918,3001,738318,60700,1
1919,4005,738318,70400,3
1920,5612,738318,10700,1
1921,4005,738318,51100,1
1922,4005,738318,20000,3
1923,4005,738318,10000,2
1924,4005,738318,20300,1
1925,4005,738318,51100,1
1926,4005,738318,20200,11
1927,4005,738318,30000,12
1928,4005,738318,80000,9
1929,4005,738318,80100,9
1930,4005,738318,90500,2
1931,4005,738318,90700,1
1932,4005,738318,20500,1
1933,4005,738318,61300,4
1934,4005,738318,90000,2
1935,4005,738318,70200,2
1936,4005,738318,70300,5
1937,4005,738318,10200,2
1938,4005,738318,90200,3
1939,4005,738318,61200,1
1940,4005,738318,61000,3
1941,4005,738318,60400,2
1942,4005,738318,60700,1
1943,3000,738318,61300,3
1944,4005,738318,75000,1
1945,3000,738318,60700,2
1946,3000,738318,61300,2
1947,3000,738318,10200,3
1948,3000,738318,10300,3
1949,4005,738318,80000,1
1950,4005,738318,80100,1
1951,3000,738318,35500,4
1952,3000,738318,35600,4
1953,3000,738318,60800,7
1954,3000,738318,60700,1
1955,3000,738318,60600,5
1956,3000,738318,61800,5
1957,3000,738318,61900,5
1958,3000,738318,60400,2
1959,3000,738318,20000,1
1960,3000,738318,31000,1
1961,3000,738318,80200,1
1962,3000,738318,80500,1
1963,4005,738318,90300,1
1964,3000,738318,20000,1
1965,3000,738318,61300,2
1966,3000,738318,30000,16
1967,3000,738318,61900,1
1968,3000,738318,60700,1
1969,4005,738318,30100,7
1970,3000,738318,60000,2
1971,3000,738318,60800,6
1972,3000,738318,60200,2
1973,4005,738319,20200,14
1974,4005,738319,30000,24
1975,4005,738319,35300,2
1976,4005,738319,80000,1
1977,4005,738319,80100,1
1978,4005,738319,91100,1
1979,4005,738319,35700,1
1980,4005,738319,61300,3
1981,4005,738319,90000,1
1982,4005,738319,90200,1
1983,4005,738319,61200,1
1984,4005,738319,61000,1
1985,4005,738319,60800,1
1986,4005,738319,35300,1
1987,4005,738319,80000,9
1988,4005,738319,80100,11
1989,4005,738319,91100,2
1990,4005,738319,35500,1
1991,4005,738319,35600,1
1992,4005,738319,61300,2
1993,4005,738319,90000,2
1994,4005,738319,70000,1
1995,4005,738319,70100,3
1996,4005,738319,70200,1
1997,4005,738319,70300,3
1998,3000,738319,20500,1
1999,4005,738319,10200,5
2000,6699,738319,10200,1
2001,6699,738319,80200,5
2002,6699,738319,80500,3
2003,6699,738319,101800,2
2004,2000,738319,20000,1
2005,6671,738319,51200,1
2006,3000,738319,10100,100
2007,4005,738319,10200,1
2008,4005,738319,20300,1
2009,6632,738319,61900,1
2010,6632,738319,60800,1
2011,5612,738319,20000,1
2012,5612,738319,20200,2
2013,4000,738320,80000,2
2014,4000,738320,80100,6
2015,4005,738320,20200,20
2016,4005,738320,30000,4
2017,4005,738320,35300,2
2018,4005,738320,80000,6
2019,4005,738320,80100,6
2020,4005,738320,91100,4
2021,4005,738320,35500,1
2022,4005,738320,35600,1
2023,4005,738320,90500,2
2024,4005,738320,90700,1
2025,4005,738320,20500,2
2026,4005,738320,61300,5
2027,4005,738320,90000,4
2028,4005,738320,70100,4
2029,4005,738320,70200,6
2030,4005,738320,70300,4
2031,4005,738320,90200,1
2032,4005,738320,61000,1
2033,4005,738320,60500,2
2034,4005,738320,60800,2
2035,3000,738320,10100,100
2036,3000,738320,20000,2
2037,3000,738320,61300,24
2038,3000,738320,20000,3
2039,3000,738320,101100,36
2040,3000,738320,81400,6
2041,3000,738320,10200,15
2042,3000,738320,20000,1
2043,4005,738320,10200,2
2044,4005,738320,80900,2
2045,6699,738320,20300,80
2046,4111,738320,102000,1
2047,4005,738320,20200,10
2048,4005,738320,30000,56
2049,4005,738320,80000,8
2050,4005,738320,80100,8
2051,4005,738320,91100,2
2052,4005,738320,35700,1
2053,4005,738320,45000,1
2054,4005,738320,35500,1
2055,4005,738320,35600,1
2056,4005,738320,61300,4
2057,4005,738320,70100,2
2058,4005,738320,70200,3
2059,4005,738320,70300,3
2060,4005,738320,90200,2
2061,4005,738320,91000,2
2062,4005,738320,90400,1
2063,4005,738320,61900,2
2064,4005,738320,60800,5
2065,4005,738320,90000,4
2066,4005,738321,91100,4
2067,4005,738321,10200,1
2068,4005,738321,10000,1
2069,4005,738321,35700,1
2070,9000,738321,20000,2
2071,9000,738321,20300,1
2072,9000,738321,20100,2
2073,9000,738321,30000,8
2074,9000,738321,10000,1
2075,9000,738321,10100,1
2076,9000,738321,10200,1
2077,6900,738321,60700,4
2078,4005,738321,30000,12
2079,4005,738321,91100,2
2080,4005,738321,35700,1
2081,4005,738321,45000,1
2082,4005,738321,35500,1
2083,4005,738321,35600,1
2084,4005,738321,20500,2
2085,4005,738321,61300,3
2086,4005,738321,90000,3
2087,4005,738321,70000,1
2088,4005,738321,70100,1
2089,4005,738321,70200,2
2090,4005,738321,70300,3
2091,4005,738321,90700,1
2092,4005,738321,90300,1
2093,4005,738321,30200,15
2094,4005,738321,30100,4
2095,3000,738321,20200,1
2096,4005,738321,35800,2
2097,4005,738321,20000,2
2098,4005,738321,70200,40
2099,4005,738321,70300,40
2100,4005,738321,90600,36
2101,4005,738321,102700,3
2102,4005,738321,20300,20
2103,4005,738321,10200,55
2104,4005,738321,10000,55
2105,4005,738321,20200,12
2106,4005,738321,30000,40
2107,3001,738322,20000,1
2108,4111,738322,80000,2
2109,4111,738322,80100,2
2110,2000,738322,61300,2
2111,4005,738322,60000,1
2112,4005,738322,100000,2
2113,4005,738322,80000,6
2114,4005,738322,80100,6
2115,3000,738322,80000,3
2116,3000,738322,80100,3
2117,4005,738322,20200,11
2118,4005,738322,30000,36
2119,4005,738322,80000,4
2120,4005,738322,80100,4
2121,4005,738322,91100,6
2122,4005,738322,35700,1
2123,4005,738322,35500,3
2124,4005,738322,35600,3
2125,4005,738322,20500,1
2126,4005,738322,61300,6
2127,4005,738322,90000,9
2128,4005,738322,70200,2
2129,4005,738322,70300,2
2130,4005,738322,10200,2
2131,6699,738322,101000,1
2132,4135,738322,20700,1
2133,4005,738323,62000,2
2134,4005,738323,80200,1
2135,4005,738323,80500,1
2136,4005,738323,61000,8
2137,4005,738323,60800,4
2138,4005,738323,20200,12
2139,4005,738323,30000,20
2140,4005,738323,80000,3
2141,4005,738323,80100,3
2142,4005,738323,35500,1
2143,4005,738323,35600,1
2144,4005,738323,61300,9
2145,4005,738323,90000,7
2146,4005,738323,70300,2
2147,4005,738323,10200,1
2148,4005,738323,61200,1
2149,4005,738323,61000,2
2150,4005,738323,60400,1
2151,4005,738323,81700,1
2152,4005,738323,60700,1
2153,4005,738323,60800,3
2154,4005,738323,100000,1
2155,4005,738323,51500,1
2156,4005,738323,90400,1
2157,4005,738323,60800,4
2158,4005,738323,61000,8
2159,4135,738323,51400,1
2160,6699,738323,70200,40
2161,6699,738323,70300,40
2162,6699,738323,90600,36
2163,6699,738323,81500,24
2164,6699,738323,102700,3
2165,6699,738323,20300,20
2166,6699,738323,10200,55
2167,6699,738323,10000,30
2168,6699,738323,20200,12
2169,6699,738323,30000,40
2170,7500,738323,20300,1
2171,7500,738323,20000,3
2172,7500,738323,10100,10
2173,7500,738323,70300,20
2174,7500,738323,70200,20
2175,7500,738323,80000,4
2176,7500,738323,80100,4
2177,4005,738323,10200,15
2178,4005,738323,10000,2
2179,4005,738323,10100,4
2180,4005,738323,10200,2
2181,4005,738323,91100,6
2182,4005,738323,20000,1
2183,3001,738323,20200,3
2184,3001,738323,20000,4
2185,4005,738323,90400,1
2186,4005,738323,80100,3
2187,3001,738323,20000,1
2188,3001,738323,20200,1
2189,3001,738323,10100,1
2190,4005,738324,20200,12
2191,4005,738324,30000,9
2192,4005,738324,80000,1
2193,4005,738324,80100,1
2194,4005,738324,91100,15
2195,4005,738324,45000,3
2196,4005,738324,20500,2
2197,4005,738324,61300,3
2198,4005,738324,90500,1
2199,4005,738324,90000,8
2200,4005,738324,70000,1
2201,4005,738324,70100,2
2202,4005,738324,70300,2
2203,4005,738324,60500,1
2204,4005,738324,10200,2
2205,4005,738324,75500,2
2206,4135,738324,10200,1
2207,4005,738324,80200,1
2208,4005,738324,80500,4
2209,4135,738324,20200,1
2210,4135,738324,30000,4
2211,4135,738324,70100,3
2212,4135,738324,70200,3
2213,4135,738324,70300,3
2214,4005,738324,20500,2
2215,4005,738324,70400,1
2216,3000,738324,20200,3
2217,3000,738324,10100,2
2218,4005,738324,10200,5
2219,4005,738324,10300,1
2220,6632,738324,10000,25
2221,6632,738324,10100,30
2222,6632,738324,10200,30
2223,6632,738324,61300,6
2224,6632,738324,60700,6
2225,6632,738324,80000,25
2226,6632,738324,80100,25
2227,6632,738324,70000,150
2228,6632,738324,70100,150
2229,6632,738324,70200,200
2230,6632,738324,70300,100
2231,7200,738324,62000,2
2232,6699,738324,61800,2
2233,6699,738324,61900,2
2234,6699,738324,60800,2
2235,6699,738324,60600,2
2236,4005,738324,80600,28
2237,4005,738324,10200,1
2238,4005,738324,90000,3
2239,4005,738325,20200,13
2240,4005,738325,30000,8
2241,4005,738325,80000,3
2242,4005,738325,80100,5
2243,4005,738325,61300,4
2244,4005,738325,90000,7
2245,4005,738325,70100,2
2246,4005,738325,70200,6
2247,4005,738325,70300,4
2248,4005,738325,10200,1
2249,4005,738325,60500,1
2250,4005,738325,60700,1
2251,4111,738325,70300,1
2252,2000,738325,61300,4
2253,4005,738325,70400,2
2254,4005,738325,90400,1
2255,4005,738325,30200,1
2256,4005,738325,30100,2
2257,4005,738325,75500,1
2258,4005,738325,101900,1
2259,2256,738326,80400,1
2260,3000,738326,35500,2
2261,4005,738326,10200,7
2262,3000,738326,70400,1
2263,3000,738326,60600,2
2264,3000,738326,61800,2
2265,4005,738326,20000,1
2266,4005,738326,60100,1
2267,4005,738326,81700,1
2268,4005,738326,35800,12
2269,4005,738326,10200,6
2270,4001,738326,10200,3
2271,4001,738326,100000,3
2272,4005,738326,10200,16
2273,4111,738326,10000,1
2274,4111,738327,20000,1
2275,4111,738327,20200,1
2276,3000,738327,20000,4
2277,3000,738327,80000,1
2278,3000,738327,80100,1
2279,3000,738327,20000,1
2280,3000,738327,60000,1
2281,3000,738327,20000,1
2282,3000,738327,30000,1
2283,4005,738327,10200,1
2284,3000,738327,80200,1
2285,3000,738327,20000,1
2286,3000,738327,60000,1
2287,4005,738327,51100,1
2288,4005,738327,20000,1
2289,3000,738327,61800,3
2290,3000,738327,60800,3
2291,3000,738327,80200,2
2292,4005,738327,20200,17
2293,4005,738327,30000,44
2294,4005,738327,35300,1
2295,4005,738327,80000,6
2296,4005,738327,80100,6
2297,4005,738327,45000,2
2298,4005,738327,90500,1
2299,4005,738327,90700,2
2300,4005,738327,20500,2
2301,4005,738327,61300,7
2302,4005,738327,90000,2
2303,4005,738327,70200,6
2304,4005,738327,70300,5
2305,4005,738327,10200,1
2306,4005,738327,60400,1
2307,4005,738327,81700,1
2308,4005,738327,60700,2
2309,4005,738327,60800,1
2310,4005,738327,20200,31
2311,4005,738327,30000,32
2312,4005,738327,35300,1
2313,4005,738327,80000,16
2314,4005,738327,80100,18
2315,4005,738327,91100,6
2316,4005,738327,90500,1
2317,4005,738327,20500,2
2318,4005,738327,61300,6
2319,4005,738327,90000,4
2320,4005,738327,70100,2
2321,4005,738327,70200,3
2322,4005,738327,70300,4
2323,4005,738327,10200,1
2324,4005,738327,61900,1
2325,4005,738327,60800,1
2326,4005,738327,70400,2
2327,4005,738327,10300,8
2328,4005,738327,10200,8
2329,3000,738327,75000,1
2330,3000,738327,75400,1
2331,3000,738327,30000,4
2332,3000,738327,61300,1
2333,2256,738327,61900,1
2334,2256,738327,60800,1
2335,4111,738328,45000,1
2336,4111,738328,80100,1
2337,4005,738328,20100,1
2338,4005,738328,20300,1
2339,4005,738328,20000,1
2340,4005,738328,20200,24
2341,4005,738328,30000,6
2342,4005,738328,80000,5
2343,4005,738328,80100,5
2344,4005,738328,90500,2
2345,4005,738328,90700,2
2346,4005,738328,20500,2
2347,4005,738328,61300,8
2348,4005,738328,70100,2
2349,4005,738328,70200,2
2350,4005,738328,70300,3
2351,4005,738328,61200,1
2352,4005,738328,60400,1
2353,4005,738328,81700,1
2354,4005,738328,60800,1
2355,9000,738328,61300,6
2356,9000,738328,35000,6
2357,4005,738328,60700,1
2358,4005,738328,62000,2
2359,4005,738328,80100,1
2360,5612,738328,61300,2
2361,5612,738328,60700,1
2362,3000,738328,70500,1
2363,4005,738329,60100,1
2364,3000,738329,80200,1
2365,4005,738329,20000,1
2366,4005,738329,90300,1
2367,4005,738329,90400,1
2368,2256,738329,10100,3
2369,4113,738329,61300,1
2370,3000,738329,80200,1
2371,4005,738329,20200,17
2372,4005,738329,30000,5
2373,4005,738329,80000,5
2374,4005,738329,80100,5
2375,4005,738329,91100,2
2376,4005,738329,20500,2
2377,4005,738329,61300,6
2378,4005,738329,90000,7
2379,4005,738329,70100,1
2380,4005,738329,70200,3
2381,4005,738329,70300,5
2382,4005,738329,10200,1
2383,4135,738329,10200,1
2384,4135,738329,60800,2
2385,4135,738329,61900,2
2386,4135,738329,10100,1
2387,4135,738329,70200,2
2388,4135,738329,70300,2
2389,4135,738329,62000,1
2390,4005,738330,20200,17
2391,4005,738330,30000,4
2392,4005,738330,80100,11
2393,4005,738330,80000,11
2394,4005,738330,91100,1
2395,4005,738330,20500,3
2396,4005,738330,61300,6
2397,4005,738330,90000,11
2398,4005,738330,70200,2
2399,4005,738330,70300,3
2400,4005,738330,10200,1
2401,4005,738330,81700,1
2402,4005,738330,60400,1
2403,4005,738330,60700,1
2404,4001,738330,60400,2
2405,4001,738330,60200,2
2406,4001,738330,60000,2
2407,4001,738330,61000,2
2408,4001,738330,60700,6
2409,4135,738330,80200,2
2410,4135,738330,80500,1
2411,4005,738330,61000,1
2412,4005,738330,60800,1
2413,4000,738330,60100,30
2414,4000,738330,80500,2
2415,4000,738330,101800,3
2416,4000,738330,60200,5
2417,4000,738330,60600,10
2418,4000,738330,60800,5
2419,4000,738330,61800,10
2420,4000,738330,51600,120
2421,4000,738330,81400,10
2422,4000,738330,10200,10
2423,6782,738330,10200,60
2424,6782,738330,10000,30
2425,6782,738330,20200,4
2426,6782,738330,51000,4
2427,6782,738330,90500,2
2428,6782,738330,101000,4
2429,4005,738331,20200,12
2430,4005,738331,30000,24
2431,4005,738331,80000,4
2432,4005,738331,80100,4
2433,4005,738331,91100,5
2434,4005,738331,35700,1
2435,4005,738331,45000,1
2436,4005,738331,90500,1
2437,4005,738331,61300,3
2438,4005,738331,90000,14
2439,4005,738331,70000,1
2440,4005,738331,70100,4
2441,4005,738331,70200,4
2442,4005,738331,70300,2
2443,4005,738331,90200,7
2444,4005,738331,60500,1
2445,4005,738331,60100,2
2446,4005,738331,81700,1
2447,4113,738331,35500,1
2448,4113,738331,35600,1
2449,4005,738331,10200,10
2450,4005,738331,70400,2
2451,3001,738331,60700,2
2452,3001,738331,60800,3
2453,3001,738331,60600,2
2454,3001,738331,61800,2
2455,3001,738331,60400,3
2456,3001,738331,10100,2
2457,3001,738331,10000,1
2458,3001,738331,20000,2
2459,4005,738331,80000,1
2460,4005,738331,80100,1
2461,4005,738331,51100,2
2462,2000,738331,60400,2
2463,2000,738331,60800,2
2464,2000,738331,35000,2
2465,4135,738332,10200,4
2466,4135,738332,20200,3
2467,4135,738332,20000,2
2468,4135,738332,20500,1
2469,6671,738332,90200,12
2470,4005,738332,80200,2
2471,6671,738332,10200,1
2472,4135,738332,80100,12
2473,3000,738332,61600,1
2474,4005,738332,90400,1
2475,4005,738332,10200,10
2476,4005,738332,10200,25
2477,4005,738332,10300,22
2478,4005,738332,20200,12
2479,4005,738332,30000,11
2480,4005,738332,80000,7
2481,4005,738332,80100,7
2482,4005,738332,91100,6
2483,4005,738332,35700,2
2484,4005,738332,45000,1
2485,4005,738332,90500,3
2486,4005,738332,61300,5
2487,4005,738332,90000,13
2488,4005,738332,70200,3
2489,4005,738332,70300,5
2490,4005,738332,61000,1
2491,4005,738332,60800,1
2492,3000,738332,60800,8
2493,3000,738332,61900,8
2494,3000,738332,60800,2
2495,3000,738332,61300,6
2496,3000,738332,20500,1
2497,4135,738332,20200,1
2498,4005,738332,80100,20
2499,3000,738332,60400,1
2500,3000,738332,60800,1
2501,3000,738332,81500,2
2502,4113,738332,80900,1
2503,4005,738332,10200,1
2504,4005,738333,20200,12
2505,4005,738333,30000,7
2506,4005,738333,35300,2
2507,4005,738333,91100,3
2508,4005,738333,35700,1
2509,4005,738333,90500,3
2510,4005,738333,61300,6
2511,4005,738333,90000,7
2512,4005,738333,70100,2
2513,4005,738333,10200,1
2514,4005,738333,60500,1
2515,3000,738333,61900,4
2516,3000,738333,60800,4
2517,4005,738333,100200,1
2518,3000,738333,20000,1
2519,6699,738333,61300,12
2520,6699,738333,61800,4
2521,6699,738333,60600,4
2522,4000,738333,81800,1
2523,4000,738333,100300,1
2524,4000,738333,80900,1
2525,4005,738333,60000,2
2526,3001,738333,80400,3
2527,3001,738333,61900,6
2528,3001,738333,60600,2
2529,4005,738333,102500,2
2530,6900,738334,10100,100
2531,6900,738334,20000,55
2532,6900,738334,91100,144
2533,4005,738334,10200,2
2534,4005,738334,10100,1
2535,4005,738334,10000,1
2536,4135,738334,30000,12
2537,4135,738334,30100,1
2538,4135,738334,80100,25
2539,4005,738334,20200,26
2540,4005,738334,30000,20
2541,4005,738334,80000,4
2542,4005,738334,80100,4
2543,4005,738334,91100,4
2544,4005,738334,35700,1
2545,4005,738334,45000,2
2546,4005,738334,90500,2
2547,4005,738334,61300,6
2548,4005,738334,90000,1
2549,4005,738334,70000,1
2550,4005,738334,70200,2
2551,4005,738334,70300,7
2552,4005,738334,10200,1
2553,4005,738334,10200,1
2554,3000,738334,90600,12
2555,3000,738334,70500,1
2556,3000,738334,91100,1
2557,6900,738334,80000,24
2558,6900,738334,80100,28
2559,3000,738334,20000,3
2560,4005,738334,90400,1
2561,4005,738334,90300,1
2562,4111,738334,20000,1
2563,4005,738334,60800,2
2564,4005,738334,61000,2
2565,4005,738335,20200,34
2566,4005,738335,30000,8
2567,4005,738335,80000,15
2568,4005,738335,80100,15
2569,4005,738335,91100,5
2570,4005,738335,35700,1
2571,4005,738335,90500,2
2572,4005,738335,61300,2
2573,4005,738335,90000,4
2574,4005,738335,70000,1
2575,4005,738335,70100,3
2576,4005,738335,70200,4
2577,4005,738335,70300,7
2578,4005,738335,90200,1
2579,4005,738335,61000,1
2580,4005,738335,60500,1
2581,4005,738335,60800,1
2582,6752,738335,80200,2
2583,6752,738335,80300,2
2584,6752,738335,80400,3
2585,4111,738335,80300,1
2586,4111,738335,80500,1
2587,3500,738335,10200,1
2588,3500,738335,102100,1
2589,3000,738335,80200,1
2590,3000,738335,80300,1
2591,4000,738335,70100,1
2592,4005,738335,75000,273
2593,4113,738335,102000,1
2594,4113,738335,45000,1
2595,4111,738335,70200,1
2596,4113,738336,70000,1
2597,4113,738336,70100,1
2598,4113,738336,70200,1
2599,4113,738336,70300,1
2600,4111,738336,102000,2
2601,2000,738336,20000,1
2602,4005,738336,10200,3
2603,2000,738336,61300,1
2604,2000,738336,61600,1
2605,4113,738336,80200,1
2606,4005,738336,60700,1
2607,4005,738336,61000,1
2608,4005,738336,10200,15
2609,4005,738336,20200,23
2610,4005,738336,30000,44
2611,4005,738336,91100,3
2612,4005,738336,35700,1
2613,4005,738336,90700,1
2614,4005,738336,20500,3
2615,4005,738336,61300,3
2616,4005,738336,90000,8
2617,4005,738336,70100,1
2618,4005,738336,70200,0
2619,4005,738336,70300,3
2620,4005,738336,70400,2
2621,4005,738336,35000,12
2622,4005,738336,20000,1
2623,4005,738336,20200,2
2624,4005,738336,30000,4
2625,4005,738336,61300,1
2626,4005,738336,35300,1
2627,4005,738336,90200,2
2628,3000,738336,10300,10
2629,4111,738336,20000,1
2630,4111,738336,102000,4
2631,6671,738336,20200,10
2632,6671,738336,70100,10
2633,6671,738336,70200,10
2634,7500,738336,10200,2
2635,7500,738336,70300,50
2636,7500,738336,70200,30
2637,7500,738336,10100,6
2638,4005,738336,70400,1
2639,4005,738336,60800,2
2640,4005,738336,61000,2
2641,4005,738336,10200,1
2642,4005,738337,20200,17
2643,4005,738337,30000,44
2644,4005,738337,80000,5
2645,4005,738337,80100,5
2646,4005,738337,91100,1
2647,4005,738337,20500,1
2648,4005,738337,61300,2
2649,4005,738337,90000,13
2650,4005,738337,70100,2
2651,4005,738337,70200,2
2652,4005,738337,70300,3
2653,4005,738337,10200,1
2654,4005,738337,70400,1
2655,4005,738337,20000,1
2656,4005,738337,20200,1
2657,4005,738337,10000,2
2658,4005,738337,10200,23
2659,4005,738337,10100,1
2660,4005,738337,80000,6
2661,4005,738337,80100,6
2662,4005,738337,30000,8
2663,4005,738337,36000,1
2664,4005,738337,35800,1
2665,6699,738337,90000,100
2666,4135,738337,61000,2
2667,4135,738337,60800,2
2668,4005,738337,90300,1
2669,4005,738337,90500,1
2670,4005,738337,20000,1
2671,7200,738337,20200,3
2672,7200,738337,81600,2
2673,7200,738337,51400,2
2674,7200,738337,80000,3
2675,7200,738337,80100,3
2676,6900,738337,35700,72
2677,6900,738337,70200,60
2678,6900,738337,70100,60
2679,6900,738337,61200,3
2680,4005,738337,61300,1
2681,4005,738337,60800,1
2682,4005,738337,80000,3
2683,4005,738337,80100,3
2684,4005,738337,20100,3
2685,4005,738337,20200,5
2686,4005,738337,10200,3
2687,4005,738337,91100,10
2688,4005,738337,20300,2
2689,4005,738338,20200,15
2690,4005,738338,30000,44
2691,4005,738338,80000,5
2692,4005,738338,80100,6
2693,4005,738338,91100,7
2694,4005,738338,35700,2
2695,4005,738338,35500,1
2696,4005,738338,35600,1
2697,4005,738338,90700,1
2698,4005,738338,20500,1
2699,4005,738338,61300,4
2700,4005,738338,90000,1
2701,4005,738338,70100,2
2702,4005,738338,70200,1
2703,4005,738338,70300,3
2704,4005,738338,60500,1
2705,4005,738338,60000,1
2706,4005,738338,80000,30
2707,4005,738338,80100,30
2708,4005,738338,80900,8
2709,3000,738338,61300,4
2710,4005,738338,35000,2
2711,4005,738338,61000,2
2712,4005,738338,60800,2
2713,4005,738338,35400,2
2714,4005,738338,20200,1
2715,4005,738338,20000,1
2716,4111,738338,101900,1
2717,4111,738338,80000,1
2718,4111,738338,80100,1
2719,4135,738338,30100,1
2720,4005,738338,20200,1
2721,4005,738338,35400,1
2722,4005,738338,10200,6
2723,4113,738338,61300,1
2724,4113,738338,10200,2
2725,4005,738338,20200,1
2726,4005,738338,51500,1
2727,4005,738339,10200,6
2728,3001,738339,90600,12
2729,4005,738339,80000,60
2730,3000,738339,20000,1
2731,4005,738339,20200,14
2732,4005,738339,30000,32
2733,4005,738339,80000,5
2734,4005,738339,80100,5
2735,4005,738339,91100,3
2736,4005,738339,90500,1
2737,4005,738339,61300,6
2738,4005,738339,90000,10
2739,4005,738339,10200,1
2740,4005,738339,70000,1
2741,4005,738339,70100,3
2742,4005,738339,70200,4
2743,4005,738339,70300,4
2744,4005,738339,60800,1
2745,4005,738339,61000,1
2746,4005,738339,60500,1
2747,4005,738339,60100,1
2748,4135,738339,10200,4
2749,4135,738339,20200,3
2750,4135,738339,90500,1
2751,4135,738339,80900,2
2752,4005,738339,41200,1
2753,4135,738339,35400,1
2754,4006,738339,30000,44
2755,4006,738339,91100,12
2756,4006,738339,35700,12
2757,4006,738339,45000,12
2758,4006,738339,90500,5
2759,4006,738339,90700,2
2760,4006,738339,20500,2
2761,4006,738339,70100,10
2762,4006,738339,70200,10
2763,4006,738339,70300,10
2764,4006,738339,60500,6
2765,4006,738339,60000,12
2766,4006,738339,81700,5
2767,4006,738339,10600,1
2768,4006,738339,51100,2
2769,4005,738339,51100,1
2770,4005,738339,80900,1
2771,4005,738339,80000,7
2772,4006,738339,80100,7
2773,4005,738339,75000,2
2774,2000,738339,45000,12
2775,4135,738339,81500,3
2776,4005,738339,102700,1
2777,4005,738339,35100,4
2778,4005,738339,10200,1
2779,4005,738339,51100,1
2780,3001,738339,20200,2
2781,4005,738339,20200,1
2782,4005,738339,90500,1
2783,4005,738340,20200,40
2784,4005,738340,30000,36
2785,4005,738340,80000,2
2786,4005,738340,80100,3
2787,4005,738340,91100,8
2788,4005,738340,90500,1
2789,4005,738340,61300,4
2790,4005,738340,90000,1
2791,4005,738340,70100,2
2792,4005,738340,70200,5
2793,4005,738340,70300,2
2794,4005,738340,10200,1
2795,4005,738340,61200,1
2796,4005,738340,60500,1
2797,4005,738340,60000,1
2798,4111,738340,80000,1
2799,4111,738340,80100,1
2800,4111,738340,45000,1
2801,4111,738340,30100,1
2802,3001,738340,81200,6
2803,4005,738340,30100,1
2804,4005,738340,35200,1
2805,4005,738340,80300,2
2806,4005,738340,80200,11
2807,4005,738340,70400,5
2808,4005,738340,10200,10
2809,4005,738340,10300,5
2810,4135,738340,81500,3
2811,4005,738340,90400,1
2812,6699,738340,81200,6
2813,3000,738340,35600,2
2814,3000,738340,62000,1
2815,4005,738340,70400,2
2816,4005,738341,20200,11
2817,4005,738341,30000,24
2818,4005,738341,80000,1
2819,4005,738341,80100,1
2820,4005,738341,91100,10
2821,4005,738341,35500,1
2822,4005,738341,35600,1
2823,4005,738341,20500,1
2824,4005,738341,61300,1
2825,4005,738341,90000,16
2826,4005,738341,70100,2
2827,4005,738341,70300,2
2828,4005,738341,10200,1
2829,4005,738341,60500,1
2830,4005,738341,60000,1
2831,6699,738341,10200,200
2832,6699,738341,90200,12
2833,4005,738341,10200,1
2834,4005,738341,75000,5
2835,4005,738341,60400,6
2836,4005,738341,60800,1
2837,4005,738341,61300,1
2838,4005,738341,20000,4
2839,4005,738341,35500,4
2840,4005,738341,35600,4
2841,4005,738341,10000,2
2842,4005,738341,30100,4
2843,4005,738341,10200,10
2844,4005,738341,61300,1
2845,4005,738341,70400,1
2846,2000,738341,10000,1
2847,2000,738341,80900,4
2848,2000,738341,30100,1
2849,4005,738341,80100,400
2850,2000,738341,80900,3
2851,2000,738341,60000,1
2852,2000,738341,60500,1
2853,2000,738341,10700,2
2854,2000,738341,20000,1
2855,2000,738341,60800,4
2856,2000,738341,61000,4
2857,2000,738341,10100,2
2858,3000,738341,45000,4
2859,4005,738342,20200,26
2860,4005,738342,30000,28
2861,4005,738342,80000,6
2862,4005,738342,91100,3
2863,4005,738342,61300,8
2864,4005,738342,90000,13
2865,4005,738342,70100,1
2866,4005,738342,70300,1
2867,4005,738342,61000,1
2868,4005,738342,60800,1
2869,4005,738342,70400,1
2870,5612,738342,81200,4
2871,3000,738342,81200,1
2872,2000,738342,70500,2
2873,5000,738342,102100,20
2874,5000,738342,51500,2
2875,3000,738342,80000,12
2876,3000,738342,61300,4
2877,3000,738342,20000,1
2878,3000,738342,61300,12
2879,4005,738342,20000,3
2880,4005,738342,20200,1
2881,4005,738342,20300,1
2882,4005,738342,10200,1
2883,4005,738343,20200,18
2884,4005,738343,30000,20
2885,4005,738343,91100,2
2886,4005,738343,45000,1
2887,4005,738343,90500,1
2888,4005,738343,61300,8
2889,4005,738343,70100,1
2890,4005,738343,70200,8
2891,4005,738343,70300,4
2892,4005,738343,10200,1
2893,4005,738343,61000,4
2894,4005,738343,61900,1
2895,4005,738343,60800,5
2896,4005,738343,10200,15
2897,3000,738343,20000,10
2898,3000,738343,30000,4
2899,4111,738343,20000,1
2900,4111,738343,10200,1
2901,4111,738343,20200,1
2902,2000,738343,20000,2
2903,2000,738343,61300,2
2904,5000,738343,60400,2
2905,5000,738343,60800,2
2906,5000,738343,90600,12
2907,4005,738343,10200,1
2908,4005,738343,51500,1
2909,4005,738343,60800,3
2910,4005,738343,61000,3
2911,4113,738343,10200,1
2912,5000,738343,101900,12
2913,5000,738343,20400,1
2914,3000,738343,61400,2
2915,4005,738343,90400,1
2916,4005,738344,20200,12
2917,4005,738344,30000,8
2918,4005,738344,90700,1
2919,4005,738344,91100,2
2920,4005,738344,61200,2
2921,2345,738344,35500,1
2922,2345,738344,35600,1
2923,4111,738344,80000,1
2924,4111,738344,80100,2
2925,4111,738344,45000,1
2926,4005,738344,20200,24
2927,4005,738344,30000,12
2928,4005,738344,80000,9
2929,4005,738344,80100,9
2930,4005,738344,45000,1
2931,4005,738344,91100,5
2932,4005,738344,90700,1
2933,4005,738344,61300,4
2934,4005,738344,90000,21
2935,4005,738344,70300,4
2936,4005,738344,60400,1
2937,4005,738344,60500,2
2938,4005,738344,60000,1
2939,4005,738344,61900,1
2940,4005,738344,60800,2
2941,4005,738344,61900,3
2942,4005,738344,60400,2
2943,4005,738344,60800,5
2944,4005,738344,31000,1
2945,4005,738344,70100,3
2946,4005,738344,70000,1
2947,4005,738344,20000,2
2948,4005,738344,30000,2
2949,4005,738344,35600,1
2950,4005,738344,35500,1
2951,4005,738344,103400,1
2952,2000,738344,61300,2
2953,2000,738344,61900,1
2954,2000,738344,60800,1
2955,2000,738344,102000,2
2956,4005,738344,20000,1
2957,4005,738344,20200,2
2958,3000,738344,60800,1
2959,3000,738344,61000,1
2960,4005,738344,70400,3
2961,4005,738345,20200,15
2962,4005,738345,30000,20
2963,4005,738345,20000,1
2964,4005,738345,80000,3
2965,4005,738345,80100,3
2966,4005,738345,91100,4
2967,4005,738345,35700,1
2968,4005,738345,45000,1
2969,4005,738345,90500,1
2970,4005,738345,61300,5
2971,4005,738345,90000,5
2972,4005,738345,70000,1
2973,4005,738345,70100,4
2974,4005,738345,10200,1
2975,3000,738345,60300,2
2976,9000,738345,61300,12
2977,9000,738345,81300,2
2978,4005,738345,10200,20
2979,5612,738345,10100,2
2980,4005,738345,70000,1
2981,4005,738345,70200,9
2982,4005,738345,70300,10
2983,4005,738345,30000,40
2984,4005,738345,20200,23
2985,4005,738345,80000,15
2986,4005,738345,80100,15
2987,4005,738345,91100,7
2988,4005,738345,45000,2
2989,4005,738345,90500,3
2990,4005,738345,61300,4
2991,4005,738345,70100,6
2992,4005,738345,70200,4
2993,4005,738345,70300,4
2994,4005,738345,10200,2
2995,4005,738346,51100,10
2996,3001,738346,10100,2
2997,2256,738346,70400,6
2998,4005,738346,20100,2
2999,4005,738346,20300,1
3000,4135,738346,35800,1
3001,3000,738346,61800,2
3002,3000,738346,60600,2
3003,4005,738346,10200,1
3004,4005,738346,35500,-3
3005,4005,738346,35600,-3
3006,4006,738346,35500,-2
3007,4006,738346,35600,-2
3008,4111,738346,80100,1
3009,6671,738346,10200,100
3010,6671,738346,20300,24
3011,6671,738346,20400,48
3012,6671,738346,10000,20
3013,6671,738346,10100,20
3014,6671,738346,20200,72
3015,6671,738346,70300,10
3016,6671,738346,70200,10
3017,4005,738346,10200,10
3018,2000,738346,20000,2
3019,2000,738346,30200,4
3020,2000,738346,35100,2
3021,2000,738346,35300,1
3022,2000,738346,35600,1
3023,2000,738346,60200,1
3024,2000,738346,10700,1
3025,2000,738346,10000,1
3026,2000,738346,60800,1
3027,3001,738347,45000,1
3028,4005,738347,20200,34
3029,4005,738347,30000,12
3030,4005,738347,80000,1
3031,4005,738347,80100,1
3032,4005,738347,91100,11
3033,4005,738347,45000,1
3034,4005,738347,90500,2
3035,4005,738347,90700,1
3036,4005,738347,20500,1
3037,4005,738347,61300,1
3038,4005,738347,90000,5
3039,4005,738347,70000,1
3040,4005,738347,70100,4
3041,4005,738347,70200,5
3042,4005,738347,70300,2
3043,4005,738347,10200,1
3044,3000,738347,20000,1
3045,3000,738347,80500,1
3046,3000,738347,80900,1
3047,6671,738347,70200,10
3048,4005,738347,100100,1
3049,3000,738347,61900,2
3050,3000,738347,35600,1
3051,5000,738348,61200,3
3052,5000,738348,61500,3
3053,5000,738348,61400,3
3054,6752,738348,80400,1
3055,6752,738348,80500,1
3056,6752,738348,60700,3
3057,4005,738348,80000,1
3058,4005,738348,20200,21
3059,4005,738348,30000,36
3060,4005,738348,80000,13
3061,4005,738348,91100,1
3062,4005,738348,90500,1
3063,4005,738348,61300,9
3064,4005,738348,90000,9
3065,4005,738348,70100,2
3066,4005,738348,70200,3
3067,4005,738348,70300,5
3068,4005,738348,10200,2
3069,4005,738348,61000,1
3070,4005,738348,60400,1
3071,4005,738348,61900,1
3072,4005,738348,60800,3
3073,3000,738348,10600,2
3074,3000,738348,60600,2
3075,3000,738348,61300,2
3076,3000,738348,61800,2
3077,4005,738348,10200,30
3078,4005,738348,10300,8
3079,3000,738348,61300,36
3080,4005,738348,10200,1
3081,4005,738348,51500,1
3082,4005,738348,20200,21
3083,4005,738348,30000,36
3084,4005,738348,35300,1
3085,4005,738348,80000,13
3086,4005,738348,80100,13
3087,4005,738348,91100,1
3088,4005,738348,90500,1
3089,4005,738348,61300,9
3090,4005,738348,90000,9
3091,4005,738348,70100,2
3092,4005,738348,70200,3
3093,4005,738348,70300,5
3094,4005,738348,61000,1
3095,4005,738348,60400,1
3096,4005,738348,61900,1
3097,4005,738348,60800,3
3098,6699,738348,20000,4
3099,6699,738348,20100,4
3100,6699,738348,80200,1
3101,4005,738348,35500,-16
3102,4005,738348,35600,-15
3103,7500,738348,10000,5
3104,4005,738348,20200,20
3105,4005,738348,30000,8
3106,4005,738348,80000,7
3107,4005,738348,80100,7
3108,4005,738348,91100,5
3109,4005,738348,45000,1
3110,4005,738348,90500,2
3111,4005,738348,90700,1
3112,4005,738348,20500,1
3113,4005,738348,61300,2
3114,4005,738348,90000,16
3115,4005,738348,70100,7
3116,4005,738348,70200,2
3117,4005,738348,70300,4
3118,4005,738348,10200,1
3119,4111,738349,80000,3
3120,4005,738349,61000,4
3121,4005,738349,60800,1
3122,6699,738349,70200,150
3123,6699,738349,70300,150
3124,2000,738349,10200,1
3125,4005,738349,90700,1
3126,4005,738349,90400,1
3127,4005,738349,20000,4
3128,4005,738349,91100,12
3129,4006,738349,35800,1
3130,4005,738350,20200,16
3131,4005,738350,30000,20
3132,4005,738350,91100,2
3133,4005,738350,35700,1
3134,4005,738350,61300,7
3135,4005,738350,90000,3
3136,4005,738350,70000,1
3137,4005,738350,70100,1
3138,4005,738350,70200,1
3139,4005,738350,10200,2
3140,4111,738350,45000,2
3141,4111,738350,30100,1
3142,3000,738350,20000,1
3143,2000,738350,61600,1
3144,2000,738350,61300,4
3145,4135,738350,30100,4
3146,4005,738350,90400,1
3147,4005,738350,90300,1
3148,2000,738350,62000,1
3149,4005,738350,35700,12
3150,6699,738350,91100,12
3151,6699,738350,35800,12
3152,6699,738350,90500,10
3153,6699,738350,45000,12
3154,6699,738350,60300,24
3155,6699,738350,60100,24
3156,6699,738350,80000,96
3157,6699,738350,20300,120
3158,6699,738350,30000,48
3159,6699,738350,102700,4
3160,6699,738350,81500,48
3161,6699,738350,20200,15
3162,6699,738350,10000,10
3163,6699,738350,70100,10
3164,4111,738350,30100,4
3165,2000,738350,61600,1
3166,2000,738350,51600,1
3167,4005,738350,10200,1
3168,3000,738350,80000,7
3169,3000,738350,80100,7
3170,4005,738351,80100,6
3171,4005,738351,35800,2
3172,4111,738351,10000,1
3173,4111,738351,80000,2
3174,4111,738351,80100,2
3175,4111,738351,101900,2
3176,3001,738351,75100,4
3177,3001,738351,20200,3
3178,3001,738351,20000,2
3179,4111,738351,70300,1
3180,4005,738351,80000,10
3181,4005,738351,20200,2
3182,4005,738351,20000,2
3183,4005,738351,30000,2
3184,3000,738351,61300,2
3185,3000,738351,60800,2
3186,2000,738351,80100,2
3187,2000,738351,80000,1
3188,4005,738351,10200,3
3189,4005,738351,10100,3
3190,4005,738351,10000,1
3191,4005,738351,20200,1
3192,4005,738351,20000,2
3193,4005,738351,90200,1
3194,5000,738351,70400,1
3195,3000,738351,60600,1
3196,3000,738351,61800,1
3197,4005,738351,20200,27
3198,4005,738351,30000,24
3199,4005,738351,35300,0
3200,4005,738351,80000,10
3201,4005,738351,91100,6
3202,4005,738351,35700,1
3203,4005,738351,90500,1
3204,4005,738351,20500,1
3205,4005,738351,61300,7
3206,4005,738351,90000,5
3207,4005,738351,70300,1
3208,4005,738351,61000,1
3209,4005,738351,60700,1
3210,4005,738351,60800,1
3211,2000,738352,20000,2
3212,4113,738352,81800,4
3213,4113,738352,80000,1
3214,4113,738352,80100,1
3215,4113,738352,102000,3
3216,4113,738352,102100,1
3217,4005,738352,91100,4
3218,4005,738352,80900,1
3219,4005,738352,80000,1
3220,4005,738352,80100,1
3221,4005,738352,20200,27
3222,4005,738352,30000,28
3223,4005,738352,20500,1
3224,4005,738352,61300,4
3225,4005,738352,90000,7
3226,4005,738352,70200,2
3227,4005,738352,70300,9
3228,4005,738352,10200,5
3229,4005,738352,61000,2
3230,4005,738352,60400,3
3231,4005,738352,60500,2
3232,4005,738352,60000,3
3233,4005,738352,61900,2
3234,4005,738352,81700,2
3235,4005,738352,60700,3
3236,4005,738352,60800,7
3237,4005,738352,70400,1
3238,3000,738352,31000,1
3239,3000,738352,20000,6
3240,6632,738352,20300,56
3241,6632,738352,10200,40
3242,6632,738352,70500,5
3243,6632,738352,90000,30
3244,6632,738352,51200,6
3245,6632,738352,51300,6
3246,6632,738352,50300,3
3247,6632,738352,61300,3
3248,6632,738352,60800,3
3249,3000,738352,61800,2
3250,3000,738352,61900,2
3251,3000,738352,60800,2
3252,3000,738352,60600,2
3253,3000,738352,20000,1
3254,4005,738352,10200,45
3255,4005,738352,10300,12
3256,4005,738352,60000,1
3257,4005,738352,75100,1
3258,6699,738352,75000,2
3259,6699,738352,31000,3
3260,2000,738352,20000,1
3261,2000,738352,10000,1
3262,4005,738353,10200,1
3263,4005,738353,50300,1
3264,4005,738353,80000,8
3265,4005,738353,20200,19
3266,4005,738353,30000,36
3267,4005,738353,35300,1
3268,4005,738353,80000,12
3269,4005,738353,80100,12
3270,4005,738353,90500,1
3271,4005,738353,61300,3
3272,4005,738353,90000,1
3273,4005,738353,70200,1
3274,4005,738353,70300,3
3275,4005,738353,61200,1
3276,4005,738353,61000,2
3277,4005,738353,60800,2
3278,4005,738353,70300,17
3279,4005,738353,70200,10
3280,4005,738353,70100,20
3281,4005,738353,60000,1
3282,3000,738353,61300,3
3283,4006,738353,20200,-72
3284,4005,738353,20200,72
3285,6632,738353,20200,4
3286,6632,738353,50300,8
3287,6632,738353,102700,4
3288,6632,738353,90600,24
3289,4005,738353,80100,2
3290,4006,738354,35100,4
3291,4006,738354,80900,1
3292,4006,738354,70300,7
3293,4006,738354,70200,7
3294,4006,738354,20500,3
3295,4006,738354,10200,12
3296,4006,738354,30000,32
3297,4006,738354,35100,4
3298,4006,738354,35800,1
3299,4006,738354,51100,2
3300,4005,738354,20300,1
3301,4005,738354,30100,12
3302,4005,738354,20200,7
3303,4005,738354,30000,28
3304,4005,738354,80000,2
3305,4005,738354,80100,2
3306,4005,738354,91100,1
3307,4005,738354,35700,2
3308,4005,738354,90500,2
3309,4005,738354,61300,4
3310,4005,738354,20300,1
3311,4005,738354,90400,1
3312,3000,738354,60100,4
3313,4005,738354,20200,2
3314,4005,738354,30000,8
3315,4005,738354,20500,1
3316,4005,738354,61300,1
3317,4005,738354,90000,1
3318,4005,738354,80000,5
3319,4005,738354,80100,5
3320,4005,738354,80100,1
3321,4005,738354,80000,1
3322,3001,738354,31000,1
3323,4000,738354,10200,50
3324,4000,738354,60000,40
3325,4000,738354,51000,72
3326,4000,738354,51600,72
3327,4001,738354,81800,20
3328,7500,738354,70300,2
3329,7500,738354,70100,2
3330,4111,738354,45000,2
3331,4005,738354,10200,1
3332,2000,738354,20000,1
3333,4005,738354,10100,1
3334,9000,738355,60700,4
3335,9000,738355,20100,1
3336,9000,738355,20000,1
3337,4005,738355,61000,1
3338,6900,738355,75000,1
3339,4005,738355,35700,12
3340,5000,738355,10000,1
3341,3000,738355,10200,1
3342,4005,738355,20200,11
3343,4005,738355,30000,16
3344,4005,738355,35700,2
3345,4005,738355,20500,1
3346,4005,738355,61300,6
3347,4005,738355,90000,1
3348,4005,738355,10200,1
3349,3001,738355,20000,1
3350,3001,738355,75400,3
3351,4005,738355,10200,1
3352,3001,738355,60000,3
3353,3001,738355,20000,1
3354,4113,738355,101900,1
3355,4005,738356,20200,17
3356,4005,738356,30000,20
3357,4005,738356,80000,5
3358,4005,738356,91100,1
3359,4005,738356,90500,1
3360,4005,738356,61300,6
3361,4005,738356,90000,1
3362,4005,738356,10200,2
3363,4005,738356,60800,1
3364,4005,738356,60600,1
3365,4005,738356,61000,1
3366,6671,738356,70100,40
3367,6671,738356,70200,40
3368,6900,738356,20000,55
3369,6900,738356,20200,72
3370,4005,738356,10200,16
3371,4005,738356,10300,10
3372,3000,738356,10100,100
3373,6632,738356,75100,1
3374,4111,738356,102000,1
3375,4005,738356,102500,1
3376,4005,738357,90300,1
3377,7200,738357,10200,10
3378,9000,738357,70300,5
3379,9000,738357,100800,1
3380,4005,738357,20200,18
3381,4005,738357,30000,19
3382,4005,738357,45000,1
3383,4005,738357,90500,1
3384,4005,738357,61300,1
3385,4005,738357,10200,1
3386,4005,738357,10200,1
3387,3000,738357,80200,1
3388,4005,738357,51100,1
3389,4005,738358,20200,12
3390,4005,738358,30000,24
3391,4005,738358,80000,8
3392,4005,738358,80100,8
3393,4005,738358,91100,1
3394,4005,738358,35700,2
3395,4005,738358,45000,5
3396,4005,738358,90500,2
3397,4005,738358,20500,2
3398,4005,738358,61300,7
3399,4005,738358,61000,1
3400,4005,738358,60700,1
3401,4005,738358,60800,1
3402,4005,738358,20200,72
3403,4005,738358,10200,9
3404,3000,738358,62000,2
3405,3000,738358,60100,2
3406,3000,738358,60500,1
3407,3000,738358,20000,2
3408,3000,738358,30000,8
3409,3000,738358,80000,3
3410,3000,738358,80100,4
3411,3000,738358,61800,4
3412,3000,738358,62000,1
3413,3000,738358,35600,1
3414,7200,738358,20200,4
3415,3001,738358,10100,3
3416,3001,738358,20000,3
3417,6752,738358,20000,1
3418,6752,738358,30000,4
3419,4000,738358,60200,2
3420,3000,738358,60400,2
3421,4005,738358,10200,1
3422,3000,738358,80500,1
3423,3000,738358,20000,5
3424,3000,738359,81200,2
3425,4005,738359,20200,15
3426,4005,738359,30000,36
3427,4005,738359,91100,4
3428,4005,738359,35700,2
3429,4005,738359,90500,2
3430,4005,738359,90700,2
3431,4005,738359,61300,4
3432,4005,738359,70200,1
3433,4005,738359,61000,1
3434,4005,738359,61900,2
3435,4005,738359,60800,3
3436,4005,738359,80900,1
3437,4005,738359,20300,1
3438,7200,738359,10200,1
3439,7200,738359,80000,6
3440,7200,738359,80100,6
3441,7200,738359,80200,1
3442,7200,738359,90500,1
3443,7200,738359,35700,6
3444,7200,738359,60700,3
3445,7200,738359,60400,3
3446,7200,738359,20000,1
3447,7200,738359,35500,2
3448,7200,738359,35600,2
3449,7200,738359,91100,6
3450,7200,738359,20200,6
3451,4111,738359,80000,1
3452,4111,738359,102000,2
3453,7200,738359,75100,9
3454,3000,738359,20000,5
3455,3000,738359,80400,1
3456,3000,738359,101800,1
3457,4005,738359,20200,8
3458,4005,738359,20000,2
3459,4005,738359,10100,1
3460,4005,738359,10000,1
3461,4005,738359,30000,4
3462,4005,738359,20200,13
3463,4005,738360,20200,23
3464,4005,738360,30000,24
3465,4005,738360,35300,1
3466,4005,738360,80000,2
3467,4005,738360,80100,2
3468,4005,738360,91100,4
3469,4005,738360,90500,1
3470,4005,738360,20500,2
3471,4005,738360,61300,2
3472,4005,738360,70300,1
3473,4005,738360,60500,2
3474,6900,738362,100200,564
